Time (UTC),Channel1,Channel2,Channel3
5/22/2021 12:20,84.2,,
5/22/2021 12:20,84.2,,
5/22/2021 12:21,87.6,,
5/22/2021 12:21,87.6,,
5/22/2021 12:22,86.3,,
5/22/2021 12:22,86.3,,
5/22/2021 12:23,92,,
5/22/2021 12:23,92,,
5/22/2021 12:24,96.8,,
5/22/2021 12:24,96.8,,
5/22/2021 12:25,100.6,,
5/22/2021 12:25,100.9,,
5/22/2021 12:25,100.9,,
5/22/2021 12:26,104.8,,
5/22/2021 12:26,104.8,,
5/22/2021 12:27,108.2,,
5/22/2021 12:27,108.2,,
5/22/2021 12:28,111.4,,
5/22/2021 12:28,111.4,,
5/22/2021 12:29,114.2,,
5/22/2021 12:29,114.2,,
5/22/2021 12:30,116.9,,
5/22/2021 12:30,116.9,,
5/22/2021 12:31,119.4,,
5/22/2021 12:31,119.4,,
5/22/2021 12:32,120.1,,
5/22/2021 12:32,120.1,,
5/22/2021 12:33,106.2,,
5/22/2021 12:33,106.2,,
5/22/2021 12:34,103.5,,
5/22/2021 12:34,103.5,,
5/22/2021 12:35,105.3,,
5/22/2021 12:35,105.3,,
5/22/2021 12:36,106.9,,
5/22/2021 12:36,106.9,,
5/22/2021 12:37,111.9,,
5/22/2021 12:37,111.9,,
5/22/2021 12:38,114.2,,
5/22/2021 12:38,114.2,,
5/22/2021 12:39,115.5,,
5/22/2021 12:39,115.5,,
5/22/2021 12:40,112.6,,
5/22/2021 12:40,112.6,,
5/22/2021 12:41,118.8,,
5/22/2021 12:41,118.8,,
5/22/2021 12:42,113.2,,
5/22/2021 12:42,113.2,,
5/22/2021 12:43,126.7,,
5/22/2021 12:43,126.7,,
5/22/2021 12:44,130,,
5/22/2021 12:44,130,,
5/22/2021 12:45,130,,
5/22/2021 12:45,130,,
5/22/2021 12:46,137.3,,
5/22/2021 12:46,137.3,,
5/22/2021 12:47,139.5,,
5/22/2021 12:47,139.5,,
5/22/2021 12:48,141.8,,
5/22/2021 12:48,141.8,,
5/22/2021 12:49,143.6,,
5/22/2021 12:49,143.6,,
5/22/2021 12:50,145,,
5/22/2021 12:50,145,,
5/22/2021 12:51,146.2,,
5/22/2021 12:51,146.2,,
5/22/2021 12:52,147.5,,
5/22/2021 12:52,147.5,,
5/22/2021 12:53,148.7,,
5/22/2021 12:53,148.7,,
5/22/2021 12:54,149.9,,
5/22/2021 12:54,149.9,,
5/22/2021 12:55,151.1,,
5/22/2021 12:55,151.2,,
5/22/2021 12:55,151.2,,
5/22/2021 12:56,152.4,,
5/22/2021 12:56,152.4,,
5/22/2021 12:57,153.4,,
5/22/2021 12:57,153.4,,
5/22/2021 12:58,154.5,,
5/22/2021 12:58,154.5,,
5/22/2021 12:59,155.6,,
5/22/2021 12:59,155.6,,
5/22/2021 13:00,156.5,,
5/22/2021 13:00,156.5,,
5/22/2021 13:01,157.8,,
5/22/2021 13:01,157.8,,
5/22/2021 13:02,158.8,,
5/22/2021 13:02,158.8,,
5/22/2021 13:03,159.9,,
5/22/2021 13:03,159.9,,
5/22/2021 13:04,160.7,,
5/22/2021 13:04,160.7,,
5/22/2021 13:05,161.9,,
5/22/2021 13:05,161.9,,
5/22/2021 13:06,163.1,,
5/22/2021 13:06,163.1,,
5/22/2021 13:07,164.3,,
5/22/2021 13:07,164.3,,
5/22/2021 13:08,165.6,,
5/22/2021 13:08,165.6,,
5/22/2021 13:09,166.7,,
5/22/2021 13:09,166.7,,
5/22/2021 13:10,167.8,,
5/22/2021 13:10,167.8,,
5/22/2021 13:11,168.8,,
5/22/2021 13:11,168.8,,
5/22/2021 13:12,170.2,,
5/22/2021 13:12,170.2,,
5/22/2021 13:13,171.7,,
5/22/2021 13:13,171.7,,
5/22/2021 13:14,173.3,,
5/22/2021 13:14,173.3,,
5/22/2021 13:15,174.6,,
5/22/2021 13:15,174.6,,
5/22/2021 13:16,175.5,,
5/22/2021 13:16,175.5,,
5/22/2021 13:17,176.8,,
5/22/2021 13:17,176.8,,
5/22/2021 13:18,177.8,,
5/22/2021 13:18,177.8,,
5/22/2021 13:19,178.9,,
5/22/2021 13:19,178.9,,
5/22/2021 13:20,180.3,,
5/22/2021 13:20,180.3,,
5/22/2021 13:21,181.4,,
5/22/2021 13:21,181.4,,
5/22/2021 13:22,182.6,,
5/22/2021 13:22,182.6,,
5/22/2021 13:23,183.9,,
5/22/2021 13:23,183.9,,
5/22/2021 13:24,184.8,,
5/22/2021 13:24,184.8,,
5/22/2021 13:25,186,,
5/22/2021 13:25,186,,
5/22/2021 13:26,187.1,,
5/22/2021 13:26,187.1,,
5/22/2021 13:27,211.9,,
5/22/2021 13:27,211.9,,
5/22/2021 13:28,215.3,,
5/22/2021 13:28,215.3,,
5/22/2021 13:29,217,,
5/22/2021 13:29,217,,
5/22/2021 13:30,218.6,,
5/22/2021 13:30,218.6,,
5/22/2021 13:31,218.5,,
5/22/2021 13:31,218.5,,
5/22/2021 13:32,219.4,,
5/22/2021 13:32,219.4,,
5/22/2021 13:33,220.5,,
5/22/2021 13:33,220.5,,
5/22/2021 13:34,220.7,,
5/22/2021 13:34,220.7,,
5/22/2021 13:35,222.5,,
5/22/2021 13:35,222.5,,
5/22/2021 13:36,223,,
5/22/2021 13:36,223,,
5/22/2021 13:37,224.7,,
5/22/2021 13:37,224.7,,
5/22/2021 13:38,224.2,,
5/22/2021 13:38,224.2,,
5/22/2021 13:39,223.6,,
5/22/2021 13:39,223.6,,
5/22/2021 13:40,224.6,,
5/22/2021 13:40,224.6,,
5/22/2021 13:41,224.3,,
5/22/2021 13:41,224.3,,
5/22/2021 13:42,226.6,,
5/22/2021 13:42,226.6,,
5/22/2021 13:43,229,,
5/22/2021 13:43,229,,
5/22/2021 13:44,232.8,,
5/22/2021 13:44,232.8,,
5/22/2021 13:45,237.9,,
5/22/2021 13:45,237.9,,
5/22/2021 13:46,200.2,,
5/22/2021 13:46,200.2,,
5/22/2021 13:46,,38.7,
5/22/2021 13:46,,38.7,37
5/22/2021 13:46,,,37
5/22/2021 13:47,205.9,,
5/22/2021 13:47,205.9,,
5/22/2021 13:47,,37.1,
5/22/2021 13:47,,37.1,35.3
5/22/2021 13:47,,,35.3
5/22/2021 13:48,230,,
5/22/2021 13:48,230,,
5/22/2021 13:48,,36.9,
5/22/2021 13:48,,36.9,35.2
5/22/2021 13:48,,,35.2
5/22/2021 13:49,239.6,,
5/22/2021 13:49,239.6,,
5/22/2021 13:49,,36.9,
5/22/2021 13:49,,36.9,35.3
5/22/2021 13:49,,,35.3
5/22/2021 13:50,242.4,,
5/22/2021 13:50,242.4,,
5/22/2021 13:50,,37.2,
5/22/2021 13:50,,37.2,35.2
5/22/2021 13:50,,,35.2
5/22/2021 13:51,243.1,,
5/22/2021 13:51,243.1,,
5/22/2021 13:51,,37.5,
5/22/2021 13:51,,37.5,35.2
5/22/2021 13:51,,,35.2
5/22/2021 13:52,242.6,,
5/22/2021 13:52,242.6,,
5/22/2021 13:52,,37.9,
5/22/2021 13:52,,37.9,35.6
5/22/2021 13:52,,,35.6
5/22/2021 13:53,241.7,,
5/22/2021 13:53,241.7,,
5/22/2021 13:53,,38.4,
5/22/2021 13:53,,38.4,35.7
5/22/2021 13:53,,,35.7
5/22/2021 13:54,241.4,,
5/22/2021 13:54,241.4,,
5/22/2021 13:54,,39.1,
5/22/2021 13:54,,39.1,36
5/22/2021 13:54,,,36
5/22/2021 13:55,242.1,,
5/22/2021 13:55,242.1,,
5/22/2021 13:55,,39.9,
5/22/2021 13:55,,39.9,36
5/22/2021 13:55,,,36
5/22/2021 13:56,241.9,,
5/22/2021 13:56,241.9,,
5/22/2021 13:56,,40.6,
5/22/2021 13:56,,40.6,36.4
5/22/2021 13:56,,,36.4
5/22/2021 13:57,242.1,,
5/22/2021 13:57,242.1,,
5/22/2021 13:57,,41.4,
5/22/2021 13:57,,41.4,36.7
5/22/2021 13:57,,,36.7
5/22/2021 13:58,240.4,,
5/22/2021 13:58,240.4,,
5/22/2021 13:58,,42.2,
5/22/2021 13:58,,42.2,37.1
5/22/2021 13:58,,,37.1
5/22/2021 13:59,240.2,,
5/22/2021 13:59,240.2,,
5/22/2021 13:59,,43.1,
5/22/2021 13:59,,43.1,37.6
5/22/2021 13:59,,,37.6
5/22/2021 14:00,240.1,,
5/22/2021 14:00,240.1,,
5/22/2021 14:00,,44.1,
5/22/2021 14:00,,44.1,38
5/22/2021 14:00,,,38
5/22/2021 14:01,239.8,,
5/22/2021 14:01,239.8,,
5/22/2021 14:01,,45.1,
5/22/2021 14:01,,45.1,38.5
5/22/2021 14:01,,,38.5
5/22/2021 14:02,239.9,,
5/22/2021 14:02,239.9,,
5/22/2021 14:02,,46,
5/22/2021 14:02,,46,39.2
5/22/2021 14:02,,,39.2
5/22/2021 14:03,240.4,,
5/22/2021 14:03,240.4,,
5/22/2021 14:03,,47.1,
5/22/2021 14:03,,47.1,39.8
5/22/2021 14:03,,,39.8
5/22/2021 14:04,240.8,,
5/22/2021 14:04,240.8,,
5/22/2021 14:04,,48.2,
5/22/2021 14:04,,48.2,40.4
5/22/2021 14:04,,,40.4
5/22/2021 14:05,241.3,,
5/22/2021 14:05,241.3,,
5/22/2021 14:05,,49.4,
5/22/2021 14:05,,49.4,41.1
5/22/2021 14:05,,,41.1
5/22/2021 14:06,241.7,,
5/22/2021 14:06,241.7,,
5/22/2021 14:06,,50.5,
5/22/2021 14:06,,50.5,41.9
5/22/2021 14:06,,,41.9
5/22/2021 14:07,242.3,,
5/22/2021 14:07,242.3,,
5/22/2021 14:07,,51.8,
5/22/2021 14:07,,51.8,42.7
5/22/2021 14:07,,,42.7
5/22/2021 14:08,243.4,,
5/22/2021 14:08,243.4,,
5/22/2021 14:08,,52.9,
5/22/2021 14:08,,52.9,43.4
5/22/2021 14:08,,,43.4
5/22/2021 14:09,242.5,,
5/22/2021 14:09,242.5,,
5/22/2021 14:09,,54.2,
5/22/2021 14:09,,54.2,44.3
5/22/2021 14:09,,,44.3
5/22/2021 14:10,242.1,,
5/22/2021 14:10,242.1,,
5/22/2021 14:10,,55.6,
5/22/2021 14:10,,55.6,45.4
5/22/2021 14:10,,,45.4
5/22/2021 14:11,243.3,,
5/22/2021 14:11,243.3,,
5/22/2021 14:11,,56.8,
5/22/2021 14:11,,56.8,46.1
5/22/2021 14:11,,,46.1
5/22/2021 14:12,244,,
5/22/2021 14:12,244,,
5/22/2021 14:12,,58.2,
5/22/2021 14:12,,58.2,47.1
5/22/2021 14:12,,,47.1
5/22/2021 14:13,244.3,,
5/22/2021 14:13,244.3,,
5/22/2021 14:13,,59.4,
5/22/2021 14:13,,59.4,48.1
5/22/2021 14:13,,,48.1
5/22/2021 14:14,244.7,,
5/22/2021 14:14,244.7,,
5/22/2021 14:14,,60.7,
5/22/2021 14:14,,60.7,49.1
5/22/2021 14:14,,,49.1
5/22/2021 14:15,245.2,,
5/22/2021 14:15,245.2,,
5/22/2021 14:15,,62.1,
5/22/2021 14:15,,62.1,50.2
5/22/2021 14:15,,,50.2
5/22/2021 14:16,244.8,,
5/22/2021 14:16,244.8,,
5/22/2021 14:16,,63.3,
5/22/2021 14:16,,63.3,51.2
5/22/2021 14:16,,,51.2
5/22/2021 14:17,245.3,,
5/22/2021 14:17,245.3,,
5/22/2021 14:17,,64.5,
5/22/2021 14:17,,64.5,52.3
5/22/2021 14:17,,,52.3
5/22/2021 14:18,246.1,,
5/22/2021 14:18,246.1,,
5/22/2021 14:18,,65.6,
5/22/2021 14:18,,65.6,53.3
5/22/2021 14:18,,,53.3
5/22/2021 14:19,247.7,,
5/22/2021 14:19,247.7,,
5/22/2021 14:19,,66.9,
5/22/2021 14:19,,66.9,54.4
5/22/2021 14:19,,,54.4
5/22/2021 14:20,248.1,,
5/22/2021 14:20,248.1,,
5/22/2021 14:20,,68.1,
5/22/2021 14:20,,68.1,55.6
5/22/2021 14:20,,,55.6
5/22/2021 14:21,248.8,,
5/22/2021 14:21,248.8,,
5/22/2021 14:21,,69.2,
5/22/2021 14:21,,69.2,56.7
5/22/2021 14:21,,,56.7
5/22/2021 14:22,249.4,,
5/22/2021 14:22,249.4,,
5/22/2021 14:22,,70.3,
5/22/2021 14:22,,70.3,57.9
5/22/2021 14:22,,,57.9
5/22/2021 14:23,249.8,,
5/22/2021 14:23,249.8,,
5/22/2021 14:23,,71.5,
5/22/2021 14:23,,71.5,59.1
5/22/2021 14:23,,,59.1
5/22/2021 14:24,249.2,,
5/22/2021 14:24,249.2,,
5/22/2021 14:24,,72.6,
5/22/2021 14:24,,72.6,60.3
5/22/2021 14:24,,,60.3
5/22/2021 14:25,248.1,,
5/22/2021 14:25,248.1,,
5/22/2021 14:25,,73.8,
5/22/2021 14:25,,73.8,61.5
5/22/2021 14:25,,,61.5
5/22/2021 14:26,248.5,,
5/22/2021 14:26,248.5,,
5/22/2021 14:26,,74.9,
5/22/2021 14:26,,74.9,62.7
5/22/2021 14:26,,,62.7
5/22/2021 14:27,248.9,,
5/22/2021 14:27,248.9,,
5/22/2021 14:27,,76,
5/22/2021 14:27,,76,63.8
5/22/2021 14:27,,,63.8
5/22/2021 14:28,249.2,,
5/22/2021 14:28,249.2,,
5/22/2021 14:28,,77.1,
5/22/2021 14:28,,77.1,65.1
5/22/2021 14:28,,,65.1
5/22/2021 14:29,249.4,,
5/22/2021 14:29,249.4,,
5/22/2021 14:29,,78.1,
5/22/2021 14:29,,78.1,66.3
5/22/2021 14:29,,,66.3
5/22/2021 14:30,250.4,,
5/22/2021 14:30,250.4,,
5/22/2021 14:30,,79.2,
5/22/2021 14:30,,79.2,67.5
5/22/2021 14:30,,,67.5
5/22/2021 14:31,251,,
5/22/2021 14:31,251,,
5/22/2021 14:31,,80.2,
5/22/2021 14:31,,80.2,68.6
5/22/2021 14:31,,,68.6
5/22/2021 14:32,251.2,,
5/22/2021 14:32,251.2,,
5/22/2021 14:32,,81.2,
5/22/2021 14:32,,81.2,69.8
5/22/2021 14:32,,,69.8
5/22/2021 14:33,250.6,,
5/22/2021 14:33,250.6,,
5/22/2021 14:33,,82.3,
5/22/2021 14:33,,82.3,70.9
5/22/2021 14:33,,,70.9
5/22/2021 14:34,250.4,,
5/22/2021 14:34,250.4,,
5/22/2021 14:34,,83.3,
5/22/2021 14:34,,83.3,72.1
5/22/2021 14:34,,,72.1
5/22/2021 14:35,250.5,,
5/22/2021 14:35,250.5,,
5/22/2021 14:35,,84.3,
5/22/2021 14:35,,84.3,73.3
5/22/2021 14:35,,,73.3
5/22/2021 14:36,250.6,,
5/22/2021 14:36,250.6,,
5/22/2021 14:36,,85.3,
5/22/2021 14:36,,85.3,74.4
5/22/2021 14:36,,,74.4
5/22/2021 14:37,248.9,,
5/22/2021 14:37,248.9,,
5/22/2021 14:37,,86.4,
5/22/2021 14:37,,86.4,75.5
5/22/2021 14:37,,,75.5
5/22/2021 14:38,248.9,,
5/22/2021 14:38,248.9,,
5/22/2021 14:38,,87.4,
5/22/2021 14:38,,87.4,76.6
5/22/2021 14:38,,,76.6
5/22/2021 14:39,249.5,,
5/22/2021 14:39,249.5,,
5/22/2021 14:39,,88.4,
5/22/2021 14:39,,88.4,77.8
5/22/2021 14:39,,,77.8
5/22/2021 14:40,249.7,,
5/22/2021 14:40,249.7,,
5/22/2021 14:40,,89.4,
5/22/2021 14:40,,89.4,78.9
5/22/2021 14:40,,,78.9
5/22/2021 14:41,249.7,,
5/22/2021 14:41,249.7,,
5/22/2021 14:41,,90.5,
5/22/2021 14:41,,90.5,80
5/22/2021 14:41,,,80
5/22/2021 14:42,249.1,,
5/22/2021 14:42,249.1,,
5/22/2021 14:42,,91.5,
5/22/2021 14:42,,91.5,81.1
5/22/2021 14:42,,,81.1
5/22/2021 14:43,248.5,,
5/22/2021 14:43,248.5,,
5/22/2021 14:43,,92.5,
5/22/2021 14:43,,92.5,82.2
5/22/2021 14:43,,,82.2
5/22/2021 14:44,248.5,,
5/22/2021 14:44,248.5,,
5/22/2021 14:44,,93.5,
5/22/2021 14:44,,93.5,83.3
5/22/2021 14:44,,,83.3
5/22/2021 14:45,248.8,,
5/22/2021 14:45,248.8,,
5/22/2021 14:45,,94.5,
5/22/2021 14:45,,94.5,84.4
5/22/2021 14:45,,,84.4
5/22/2021 14:46,249.5,,
5/22/2021 14:46,249.5,,
5/22/2021 14:46,,95.5,
5/22/2021 14:46,,95.5,85.5
5/22/2021 14:46,,,85.5
5/22/2021 14:47,250.2,,
5/22/2021 14:47,250.2,,
5/22/2021 14:47,,96.5,
5/22/2021 14:47,,96.5,86.5
5/22/2021 14:47,,,86.5
5/22/2021 14:48,249.2,,
5/22/2021 14:48,249.2,,
5/22/2021 14:48,,97.4,
5/22/2021 14:48,,97.4,87.6
5/22/2021 14:48,,,87.6
5/22/2021 14:49,248.8,,
5/22/2021 14:49,248.8,,
5/22/2021 14:49,,98.4,
5/22/2021 14:49,,98.4,88.6
5/22/2021 14:49,,,88.6
5/22/2021 14:50,248.6,,
5/22/2021 14:50,248.6,,
5/22/2021 14:50,,99.3,
5/22/2021 14:50,,99.3,89.8
5/22/2021 14:50,,,89.8
5/22/2021 14:51,248.7,,
5/22/2021 14:51,248.7,,
5/22/2021 14:51,,100.2,
5/22/2021 14:51,,100.2,90.8
5/22/2021 14:51,,,90.8
5/22/2021 14:52,248.7,,
5/22/2021 14:52,248.7,,
5/22/2021 14:52,,101.1,
5/22/2021 14:52,,101.1,91.8
5/22/2021 14:52,,,91.8
5/22/2021 14:53,248.5,,
5/22/2021 14:53,248.5,,
5/22/2021 14:53,,102,
5/22/2021 14:53,,102,92.8
5/22/2021 14:53,,,92.8
5/22/2021 14:54,248.7,,
5/22/2021 14:54,248.7,,
5/22/2021 14:54,,102.8,
5/22/2021 14:54,,102.8,93.8
5/22/2021 14:54,,,93.8
5/22/2021 14:55,248.5,,
5/22/2021 14:55,248.5,,
5/22/2021 14:55,,103.7,
5/22/2021 14:55,,103.7,94.8
5/22/2021 14:55,,,94.8
5/22/2021 14:56,248.2,,
5/22/2021 14:56,248.2,,
5/22/2021 14:56,,104.6,
5/22/2021 14:56,,104.6,95.8
5/22/2021 14:56,,,95.8
5/22/2021 14:57,247.8,,
5/22/2021 14:57,247.8,,
5/22/2021 14:57,,105.4,
5/22/2021 14:57,,105.4,96.8
5/22/2021 14:57,,,96.8
5/22/2021 14:58,247,,
5/22/2021 14:58,247,,
5/22/2021 14:58,,106.2,
5/22/2021 14:58,,106.2,97.7
5/22/2021 14:58,,,97.7
5/22/2021 14:59,247.2,,
5/22/2021 14:59,247.2,,
5/22/2021 14:59,,107,
5/22/2021 14:59,,107,98.7
5/22/2021 14:59,,,98.7
5/22/2021 15:00,247.4,,
5/22/2021 15:00,247.4,,
5/22/2021 15:00,,107.8,
5/22/2021 15:00,,107.8,99.5
5/22/2021 15:00,,,99.5
5/22/2021 15:01,248.1,,
5/22/2021 15:01,248.1,,
5/22/2021 15:01,,108.6,
5/22/2021 15:01,,108.6,100.5
5/22/2021 15:01,,,100.5
5/22/2021 15:02,248.5,,
5/22/2021 15:02,248.5,,
5/22/2021 15:02,,109.3,
5/22/2021 15:02,,109.3,101.4
5/22/2021 15:02,,,101.4
5/22/2021 15:03,248.2,,
5/22/2021 15:03,248.2,,
5/22/2021 15:03,,110.1,
5/22/2021 15:03,,110.1,102.2
5/22/2021 15:03,,,102.2
5/22/2021 15:04,248,,
5/22/2021 15:04,248,,
5/22/2021 15:04,,110.9,
5/22/2021 15:04,,110.9,103.1
5/22/2021 15:04,,,103.1
5/22/2021 15:05,247.8,,
5/22/2021 15:05,247.8,,
5/22/2021 15:05,,111.6,
5/22/2021 15:05,,111.6,104
5/22/2021 15:05,,,104
5/22/2021 15:06,247.7,,
5/22/2021 15:06,247.7,,
5/22/2021 15:06,,112.4,
5/22/2021 15:06,,112.4,104.8
5/22/2021 15:06,,,104.8
5/22/2021 15:07,247.5,,
5/22/2021 15:07,247.5,,
5/22/2021 15:07,,113.1,
5/22/2021 15:07,,113.1,105.6
5/22/2021 15:07,,,105.6
5/22/2021 15:08,247.5,,
5/22/2021 15:08,247.5,,
5/22/2021 15:08,,113.8,
5/22/2021 15:08,,113.8,106.4
5/22/2021 15:08,,,106.4
5/22/2021 15:09,248.3,,
5/22/2021 15:09,248.3,,
5/22/2021 15:09,,114.5,
5/22/2021 15:09,,114.5,107.2
5/22/2021 15:09,,,107.2
5/22/2021 15:10,249.7,,
5/22/2021 15:10,249.7,,
5/22/2021 15:10,,115.2,
5/22/2021 15:10,,115.2,108
5/22/2021 15:10,,,108
5/22/2021 15:11,251.7,,
5/22/2021 15:11,251.7,,
5/22/2021 15:11,,115.9,
5/22/2021 15:11,,115.9,108.8
5/22/2021 15:11,,,108.8
5/22/2021 15:12,252.4,,
5/22/2021 15:12,252.4,,
5/22/2021 15:12,,116.5,
5/22/2021 15:12,,116.5,109.5
5/22/2021 15:12,,,109.5
5/22/2021 15:13,252.3,,
5/22/2021 15:13,252.3,,
5/22/2021 15:13,,117.2,
5/22/2021 15:13,,117.2,110.2
5/22/2021 15:13,,,110.2
5/22/2021 15:14,252.5,,
5/22/2021 15:14,252.5,,
5/22/2021 15:14,,117.9,
5/22/2021 15:14,,117.9,111
5/22/2021 15:14,,,111
5/22/2021 15:15,252.5,,
5/22/2021 15:15,252.5,,
5/22/2021 15:15,,118.6,
5/22/2021 15:15,,118.6,111.7
5/22/2021 15:15,,,111.7
5/22/2021 15:16,253.2,,
5/22/2021 15:16,253.2,,
5/22/2021 15:16,,119.3,
5/22/2021 15:16,,119.3,112.4
5/22/2021 15:16,,,112.4
5/22/2021 15:17,254.3,,
5/22/2021 15:17,254.3,,
5/22/2021 15:17,,120,
5/22/2021 15:17,,120,113.1
5/22/2021 15:17,,,113.1
5/22/2021 15:18,254.3,,
5/22/2021 15:18,254.3,,
5/22/2021 15:18,,120.6,
5/22/2021 15:18,,120.6,113.8
5/22/2021 15:18,,,113.8
5/22/2021 15:19,253.6,,
5/22/2021 15:19,253.6,,
5/22/2021 15:19,,121.3,
5/22/2021 15:19,,121.3,114.5
5/22/2021 15:19,,,114.5
5/22/2021 15:20,253.6,,
5/22/2021 15:20,253.6,,
5/22/2021 15:20,,121.9,
5/22/2021 15:20,,121.9,115.1
5/22/2021 15:20,,,115.1
5/22/2021 15:21,255,,
5/22/2021 15:21,255,,
5/22/2021 15:21,,122.5,
5/22/2021 15:21,,122.5,115.8
5/22/2021 15:21,,,115.8
5/22/2021 15:22,256.4,,
5/22/2021 15:22,256.4,,
5/22/2021 15:22,,123.1,
5/22/2021 15:22,,123.1,116.4
5/22/2021 15:22,,,116.4
5/22/2021 15:23,256.7,,
5/22/2021 15:23,256.7,,
5/22/2021 15:23,,123.8,
5/22/2021 15:23,,123.8,117
5/22/2021 15:23,,,117
5/22/2021 15:24,256.4,,
5/22/2021 15:24,256.4,,
5/22/2021 15:24,,124.3,
5/22/2021 15:24,,124.3,117.7
5/22/2021 15:24,,,117.7
5/22/2021 15:25,256.3,,
5/22/2021 15:25,256.3,,
5/22/2021 15:25,,124.9,
5/22/2021 15:25,,124.9,118.2
5/22/2021 15:25,,,118.2
5/22/2021 15:26,256.6,,
5/22/2021 15:26,256.6,,
5/22/2021 15:26,,125.5,
5/22/2021 15:26,,125.5,118.8
5/22/2021 15:26,,,118.8
5/22/2021 15:27,257,,
5/22/2021 15:27,257,,
5/22/2021 15:27,,126.1,
5/22/2021 15:27,,126.1,119.4
5/22/2021 15:27,,,119.4
5/22/2021 15:28,257.1,,
5/22/2021 15:28,257.1,,
5/22/2021 15:28,,126.6,
5/22/2021 15:28,,126.6,120
5/22/2021 15:28,,,120
5/22/2021 15:29,257.9,,
5/22/2021 15:29,257.9,,
5/22/2021 15:29,,127.2,
5/22/2021 15:29,,127.2,120.5
5/22/2021 15:29,,,120.5
5/22/2021 15:30,257.1,,
5/22/2021 15:30,257.1,,
5/22/2021 15:30,,127.7,
5/22/2021 15:30,,127.7,121.1
5/22/2021 15:30,,,121.1
5/22/2021 15:31,258.4,,
5/22/2021 15:31,258.4,,
5/22/2021 15:31,,128.2,
5/22/2021 15:31,,128.2,121.7
5/22/2021 15:31,,,121.7
5/22/2021 15:32,258.1,,
5/22/2021 15:32,258.1,,
5/22/2021 15:32,,128.7,
5/22/2021 15:32,,128.7,122.2
5/22/2021 15:32,,,122.2
5/22/2021 15:33,260.2,,
5/22/2021 15:33,260.2,,
5/22/2021 15:33,,129.2,
5/22/2021 15:33,,129.2,122.7
5/22/2021 15:33,,,122.7
5/22/2021 15:34,261.7,,
5/22/2021 15:34,261.7,,
5/22/2021 15:34,,129.7,
5/22/2021 15:34,,129.7,123.3
5/22/2021 15:34,,,123.3
5/22/2021 15:35,261.3,,
5/22/2021 15:35,261.3,,
5/22/2021 15:35,,130.2,
5/22/2021 15:35,,130.2,123.8
5/22/2021 15:35,,,123.8
5/22/2021 15:36,260.4,,
5/22/2021 15:36,260.4,,
5/22/2021 15:36,,130.7,
5/22/2021 15:36,,130.7,124.3
5/22/2021 15:36,,,124.3
5/22/2021 15:37,259.5,,
5/22/2021 15:37,259.5,,
5/22/2021 15:37,,131.2,
5/22/2021 15:37,,131.2,124.8
5/22/2021 15:37,,,124.8
5/22/2021 15:38,262.2,,
5/22/2021 15:38,262.2,,
5/22/2021 15:38,,131.7,
5/22/2021 15:38,,131.7,125.3
5/22/2021 15:38,,,125.3
5/22/2021 15:39,259.4,,
5/22/2021 15:39,259.4,,
5/22/2021 15:39,,132.2,
5/22/2021 15:39,,132.2,125.8
5/22/2021 15:39,,,125.8
5/22/2021 15:40,262.1,,
5/22/2021 15:40,262.1,,
5/22/2021 15:40,,132.7,
5/22/2021 15:40,,132.7,126.3
5/22/2021 15:40,,,126.3
5/22/2021 15:41,261.1,,
5/22/2021 15:41,261.1,,
5/22/2021 15:41,,133.2,
5/22/2021 15:41,,133.2,126.7
5/22/2021 15:41,,,126.7
5/22/2021 15:42,261,,
5/22/2021 15:42,261,,
5/22/2021 15:42,,133.6,
5/22/2021 15:42,,133.6,127.2
5/22/2021 15:42,,,127.2
5/22/2021 15:43,261.4,,
5/22/2021 15:43,261.4,,
5/22/2021 15:43,,134,
5/22/2021 15:43,,134,127.7
5/22/2021 15:43,,,127.7
5/22/2021 15:44,259.2,,
5/22/2021 15:44,259.2,,
5/22/2021 15:44,,134.4,
5/22/2021 15:44,,134.4,128.2
5/22/2021 15:44,,,128.2
5/22/2021 15:45,258.7,,
5/22/2021 15:45,258.7,,
5/22/2021 15:45,,134.9,
5/22/2021 15:45,,134.9,128.6
5/22/2021 15:45,,,128.6
5/22/2021 15:46,259.2,,
5/22/2021 15:46,259.2,,
5/22/2021 15:46,,135.3,
5/22/2021 15:46,,135.3,129.1
5/22/2021 15:46,,,129.1
5/22/2021 15:47,262.4,,
5/22/2021 15:47,262.4,,
5/22/2021 15:47,,135.7,
5/22/2021 15:47,,135.7,129.5
5/22/2021 15:47,,,129.5
5/22/2021 15:48,263.1,,
5/22/2021 15:48,263.1,,
5/22/2021 15:48,,136.1,
5/22/2021 15:48,,136.1,130
5/22/2021 15:48,,,130
5/22/2021 15:49,260.2,,
5/22/2021 15:49,260.2,,
5/22/2021 15:49,,136.5,
5/22/2021 15:49,,136.5,130.4
5/22/2021 15:49,,,130.4
5/22/2021 15:50,259.5,,
5/22/2021 15:50,259.5,,
5/22/2021 15:50,,136.9,
5/22/2021 15:50,,136.9,130.8
5/22/2021 15:50,,,130.8
5/22/2021 15:51,259.2,,
5/22/2021 15:51,259.2,,
5/22/2021 15:51,,137.3,
5/22/2021 15:51,,137.3,131.2
5/22/2021 15:51,,,131.2
5/22/2021 15:52,263.9,,
5/22/2021 15:52,263.9,,
5/22/2021 15:52,,137.7,
5/22/2021 15:52,,137.7,131.7
5/22/2021 15:52,,,131.7
5/22/2021 15:53,265,,
5/22/2021 15:53,265,,
5/22/2021 15:53,,138.1,
5/22/2021 15:53,,138.1,132.1
5/22/2021 15:53,,,132.1
5/22/2021 15:54,263.8,,
5/22/2021 15:54,263.8,,
5/22/2021 15:54,,138.4,
5/22/2021 15:54,,138.4,132.5
5/22/2021 15:54,,,132.5
5/22/2021 15:55,264.7,,
5/22/2021 15:55,264.7,,
5/22/2021 15:55,,138.8,
5/22/2021 15:55,,138.8,132.9
5/22/2021 15:55,,,132.9
5/22/2021 15:56,265,,
5/22/2021 15:56,265,,
5/22/2021 15:56,,139.2,
5/22/2021 15:56,,139.2,133.3
5/22/2021 15:56,,,133.3
5/22/2021 15:57,259.1,,
5/22/2021 15:57,259.1,,
5/22/2021 15:57,,139.5,
5/22/2021 15:57,,139.5,133.7
5/22/2021 15:57,,,133.7
5/22/2021 15:58,255.6,,
5/22/2021 15:58,255.6,,
5/22/2021 15:58,,139.9,
5/22/2021 15:58,,139.9,134.1
5/22/2021 15:58,,,134.1
5/22/2021 15:59,255.1,,
5/22/2021 15:59,255.1,,
5/22/2021 15:59,,140.2,
5/22/2021 15:59,,140.2,134.5
5/22/2021 15:59,,,134.5
5/22/2021 16:00,255,,
5/22/2021 16:00,255,,
5/22/2021 16:00,,140.6,
5/22/2021 16:00,,140.6,134.9
5/22/2021 16:00,,,134.9
5/22/2021 16:01,255.9,,
5/22/2021 16:01,255.9,,
5/22/2021 16:01,,140.9,
5/22/2021 16:01,,140.9,135.2
5/22/2021 16:01,,,135.2
5/22/2021 16:02,256.9,,
5/22/2021 16:02,256.9,,
5/22/2021 16:02,,141.2,
5/22/2021 16:02,,141.2,135.6
5/22/2021 16:02,,,135.6
5/22/2021 16:03,256.5,,
5/22/2021 16:03,256.5,,
5/22/2021 16:03,,141.6,
5/22/2021 16:03,,141.6,136
5/22/2021 16:03,,,136
5/22/2021 16:04,257.7,,
5/22/2021 16:04,257.7,,
5/22/2021 16:04,,141.9,
5/22/2021 16:04,,141.9,136.3
5/22/2021 16:04,,,136.3
5/22/2021 16:05,257.8,,
5/22/2021 16:05,257.8,,
5/22/2021 16:05,,142.2,
5/22/2021 16:05,,142.2,136.7
5/22/2021 16:05,,,136.7
5/22/2021 16:06,256,,
5/22/2021 16:06,256,,
5/22/2021 16:06,,142.6,
5/22/2021 16:06,,142.6,137
5/22/2021 16:06,,,137
5/22/2021 16:07,256,,
5/22/2021 16:07,256,,
5/22/2021 16:07,,142.7,
5/22/2021 16:07,,142.7,137.4
5/22/2021 16:07,,,137.4
5/22/2021 16:08,257.2,,
5/22/2021 16:08,257.2,,
5/22/2021 16:08,,143,
5/22/2021 16:08,,143,137.7
5/22/2021 16:08,,,137.7
5/22/2021 16:09,256.7,,
5/22/2021 16:09,256.7,,
5/22/2021 16:09,,143.3,
5/22/2021 16:09,,143.3,138
5/22/2021 16:09,,,138
5/22/2021 16:10,256,,
5/22/2021 16:10,256,,
5/22/2021 16:10,,143.7,
5/22/2021 16:10,,143.7,138.4
5/22/2021 16:10,,,138.4
5/22/2021 16:11,260.3,,
5/22/2021 16:11,260.3,,
5/22/2021 16:11,,144,
5/22/2021 16:11,,144,138.7
5/22/2021 16:11,,,138.7
5/22/2021 16:12,264.4,,
5/22/2021 16:12,264.4,,
5/22/2021 16:12,,144.3,
5/22/2021 16:12,,144.3,139
5/22/2021 16:12,,,139
5/22/2021 16:13,265.8,,
5/22/2021 16:13,265.8,,
5/22/2021 16:13,,144.6,
5/22/2021 16:13,,144.6,139.4
5/22/2021 16:13,,,139.4
5/22/2021 16:14,264.9,,
5/22/2021 16:14,264.9,,
5/22/2021 16:14,,144.9,
5/22/2021 16:14,,144.9,139.7
5/22/2021 16:14,,,139.7
5/22/2021 16:15,264.3,,
5/22/2021 16:15,264.3,,
5/22/2021 16:15,,145.3,
5/22/2021 16:15,,145.3,140
5/22/2021 16:15,,,140
5/22/2021 16:16,264.2,,
5/22/2021 16:16,264.2,,
5/22/2021 16:16,,145.6,
5/22/2021 16:16,,145.6,140.3
5/22/2021 16:16,,,140.3
5/22/2021 16:17,264.9,,
5/22/2021 16:17,264.9,,
5/22/2021 16:17,,145.9,
5/22/2021 16:17,,145.9,140.6
5/22/2021 16:17,,,140.6
5/22/2021 16:18,266.8,,
5/22/2021 16:18,266.8,,
5/22/2021 16:18,,146.2,
5/22/2021 16:18,,146.2,140.9
5/22/2021 16:18,,,140.9
5/22/2021 16:19,267.9,,
5/22/2021 16:19,267.9,,
5/22/2021 16:19,,146.6,
5/22/2021 16:19,,146.6,141.2
5/22/2021 16:19,,,141.2
5/22/2021 16:20,268.3,,
5/22/2021 16:20,268.3,,
5/22/2021 16:20,,146.9,
5/22/2021 16:20,,146.9,141.5
5/22/2021 16:20,,,141.5
5/22/2021 16:21,267.2,,
5/22/2021 16:21,267.2,,
5/22/2021 16:21,,147.3,
5/22/2021 16:21,,147.3,141.8
5/22/2021 16:21,,,141.8
5/22/2021 16:22,265.1,,
5/22/2021 16:22,265.1,,
5/22/2021 16:22,,147.6,
5/22/2021 16:22,,147.6,142.1
5/22/2021 16:22,,,142.1
5/22/2021 16:23,261.4,,
5/22/2021 16:23,261.4,,
5/22/2021 16:23,,147.9,
5/22/2021 16:23,,147.9,142.3
5/22/2021 16:23,,,142.3
5/22/2021 16:24,261.1,,
5/22/2021 16:24,261.1,,
5/22/2021 16:24,,148.2,
5/22/2021 16:24,,148.2,142.6
5/22/2021 16:24,,,142.6
5/22/2021 16:25,258.6,,
5/22/2021 16:25,258.6,,
5/22/2021 16:25,,148.5,
5/22/2021 16:25,,148.5,142.8
5/22/2021 16:25,,,142.8
5/22/2021 16:26,260,,
5/22/2021 16:26,260,,
5/22/2021 16:26,,148.8,
5/22/2021 16:26,,148.8,143.1
5/22/2021 16:26,,,143.1
5/22/2021 16:27,260.5,,
5/22/2021 16:27,260.5,,
5/22/2021 16:27,,149.1,
5/22/2021 16:27,,149.1,143.3
5/22/2021 16:27,,,143.3
5/22/2021 16:28,261.1,,
5/22/2021 16:28,261.1,,
5/22/2021 16:28,,149.4,
5/22/2021 16:28,,149.4,143.6
5/22/2021 16:28,,,143.6
5/22/2021 16:29,261.6,,
5/22/2021 16:29,261.6,,
5/22/2021 16:29,,149.8,
5/22/2021 16:29,,149.8,143.8
5/22/2021 16:29,,,143.8
5/22/2021 16:30,261.6,,
5/22/2021 16:30,261.6,,
5/22/2021 16:30,,150.1,
5/22/2021 16:30,,150.1,144
5/22/2021 16:30,,,144
5/22/2021 16:31,262,,
5/22/2021 16:31,262,,
5/22/2021 16:31,,150.4,
5/22/2021 16:31,,150.4,144.3
5/22/2021 16:31,,,144.3
5/22/2021 16:32,261.2,,
5/22/2021 16:32,261.2,,
5/22/2021 16:32,,150.7,
5/22/2021 16:32,,150.7,144.5
5/22/2021 16:32,,,144.5
5/22/2021 16:33,259.1,,
5/22/2021 16:33,259.1,,
5/22/2021 16:33,,151,
5/22/2021 16:33,,151,144.7
5/22/2021 16:33,,,144.7
5/22/2021 16:34,259.2,,
5/22/2021 16:34,259.2,,
5/22/2021 16:34,,151.3,
5/22/2021 16:34,,151.3,145
5/22/2021 16:34,,,145
5/22/2021 16:35,258.8,,
5/22/2021 16:35,258.8,,
5/22/2021 16:35,,151.4,
5/22/2021 16:35,,151.4,145.2
5/22/2021 16:35,,,145.2
5/22/2021 16:36,260,,
5/22/2021 16:36,260,,
5/22/2021 16:36,,151.7,
5/22/2021 16:36,,151.7,145.4
5/22/2021 16:36,,,145.4
5/22/2021 16:37,260.9,,
5/22/2021 16:37,260.9,,
5/22/2021 16:37,,152,
5/22/2021 16:37,,152,145.6
5/22/2021 16:37,,,145.6
5/22/2021 16:38,260,,
5/22/2021 16:38,260,,
5/22/2021 16:38,,152.3,
5/22/2021 16:38,,152.3,145.8
5/22/2021 16:38,,,145.8
5/22/2021 16:39,260.1,,
5/22/2021 16:39,260.1,,
5/22/2021 16:39,,152.6,
5/22/2021 16:39,,152.6,146
5/22/2021 16:39,,,146
5/22/2021 16:40,260.5,,
5/22/2021 16:40,260.5,,
5/22/2021 16:40,,152.8,
5/22/2021 16:40,,152.8,146.2
5/22/2021 16:40,,,146.2
5/22/2021 16:41,260.4,,
5/22/2021 16:41,260.4,,
5/22/2021 16:41,,153,
5/22/2021 16:41,,153,146.4
5/22/2021 16:41,,,146.4
5/22/2021 16:42,262.2,,
5/22/2021 16:42,262.2,,
5/22/2021 16:42,,153.3,
5/22/2021 16:42,,153.3,146.6
5/22/2021 16:42,,,146.6
5/22/2021 16:43,263.4,,
5/22/2021 16:43,263.4,,
5/22/2021 16:43,,153.6,
5/22/2021 16:43,,153.6,146.8
5/22/2021 16:43,,,146.8
5/22/2021 16:44,260.8,,
5/22/2021 16:44,260.8,,
5/22/2021 16:44,,153.9,
5/22/2021 16:44,,153.9,147
5/22/2021 16:44,,,147
5/22/2021 16:45,256.3,,
5/22/2021 16:45,256.3,,
5/22/2021 16:45,,154.1,
5/22/2021 16:45,,154.1,147.2
5/22/2021 16:45,,,147.2
5/22/2021 16:46,250.6,,
5/22/2021 16:46,250.6,,
5/22/2021 16:46,,154.4,
5/22/2021 16:46,,154.4,147.4
5/22/2021 16:46,,,147.4
5/22/2021 16:47,247.6,,
5/22/2021 16:47,247.6,,
5/22/2021 16:47,,154.6,
5/22/2021 16:47,,154.6,147.5
5/22/2021 16:47,,,147.5
5/22/2021 16:48,245.9,,
5/22/2021 16:48,245.9,,
5/22/2021 16:48,,154.9,
5/22/2021 16:48,,154.9,147.7
5/22/2021 16:48,,,147.7
5/22/2021 16:49,244.4,,
5/22/2021 16:49,244.4,,
5/22/2021 16:49,,155.1,
5/22/2021 16:49,,155.1,147.9
5/22/2021 16:49,,,147.9
5/22/2021 16:50,242.9,,
5/22/2021 16:50,242.9,,
5/22/2021 16:50,,155.3,
5/22/2021 16:50,,155.3,148
5/22/2021 16:50,,,148
5/22/2021 16:51,242.1,,
5/22/2021 16:51,242.1,,
5/22/2021 16:51,,155.5,
5/22/2021 16:51,,155.5,148.2
5/22/2021 16:51,,,148.2
5/22/2021 16:52,241.5,,
5/22/2021 16:52,241.5,,
5/22/2021 16:52,,155.8,
5/22/2021 16:52,,155.8,148.4
5/22/2021 16:52,,,148.4
5/22/2021 16:53,241.2,,
5/22/2021 16:53,241.2,,
5/22/2021 16:53,,156,
5/22/2021 16:53,,156,148.5
5/22/2021 16:53,,,148.5
5/22/2021 16:54,240.1,,
5/22/2021 16:54,240.1,,
5/22/2021 16:54,,156.2,
5/22/2021 16:54,,156.2,148.7
5/22/2021 16:54,,,148.7
5/22/2021 16:55,241,,
5/22/2021 16:55,241,,
5/22/2021 16:55,,156.4,
5/22/2021 16:55,,156.4,148.8
5/22/2021 16:55,,,148.8
5/22/2021 16:56,240.4,,
5/22/2021 16:56,240.4,,
5/22/2021 16:56,,156.6,
5/22/2021 16:56,,156.6,149
5/22/2021 16:56,,,149
5/22/2021 16:57,239.9,,
5/22/2021 16:57,239.9,,
5/22/2021 16:57,,156.8,
5/22/2021 16:57,,156.8,149.1
5/22/2021 16:57,,,149.1
5/22/2021 16:58,240.8,,
5/22/2021 16:58,240.8,,
5/22/2021 16:58,,156.9,
5/22/2021 16:58,,156.9,149.3
5/22/2021 16:58,,,149.3
5/22/2021 16:59,240.7,,
5/22/2021 16:59,240.7,,
5/22/2021 16:59,,157.1,
5/22/2021 16:59,,157.1,149.4
5/22/2021 16:59,,,149.4
5/22/2021 17:00,241.4,,
5/22/2021 17:00,241.4,,
5/22/2021 17:00,,157.3,
5/22/2021 17:00,,157.3,149.5
5/22/2021 17:00,,,149.5
5/22/2021 17:01,240.8,,
5/22/2021 17:01,240.8,,
5/22/2021 17:01,,157.5,
5/22/2021 17:01,,157.5,149.6
5/22/2021 17:01,,,149.6
5/22/2021 17:02,239.9,,
5/22/2021 17:02,239.9,,
5/22/2021 17:02,,157.7,
5/22/2021 17:02,,157.7,149.8
5/22/2021 17:02,,,149.8
5/22/2021 17:03,240.2,,
5/22/2021 17:03,240.2,,
5/22/2021 17:03,,157.8,
5/22/2021 17:03,,157.8,149.9
5/22/2021 17:03,,,149.9
5/22/2021 17:04,240,,
5/22/2021 17:04,240,,
5/22/2021 17:04,,158,
5/22/2021 17:04,,158,150
5/22/2021 17:04,,,150
5/22/2021 17:05,239.3,,
5/22/2021 17:05,239.3,,
5/22/2021 17:05,,158.1,
5/22/2021 17:05,,158.1,150.1
5/22/2021 17:05,,,150.1
5/22/2021 17:06,238.4,,
5/22/2021 17:06,238.4,,
5/22/2021 17:06,,158.3,
5/22/2021 17:06,,158.3,150.2
5/22/2021 17:06,,,150.2
5/22/2021 17:07,238.7,,
5/22/2021 17:07,238.7,,
5/22/2021 17:07,,158.4,
5/22/2021 17:07,,158.4,150.3
5/22/2021 17:07,,,150.3
5/22/2021 17:08,237.9,,
5/22/2021 17:08,237.9,,
5/22/2021 17:08,,158.5,
5/22/2021 17:08,,158.5,150.4
5/22/2021 17:08,,,150.4
5/22/2021 17:09,237.6,,
5/22/2021 17:09,237.6,,
5/22/2021 17:09,,158.7,
5/22/2021 17:09,,158.7,150.5
5/22/2021 17:09,,,150.5
5/22/2021 17:10,236.3,,
5/22/2021 17:10,236.3,,
5/22/2021 17:10,,158.8,
5/22/2021 17:10,,158.8,150.7
5/22/2021 17:10,,,150.7
5/22/2021 17:11,235.7,,
5/22/2021 17:11,235.7,,
5/22/2021 17:11,,158.9,
5/22/2021 17:11,,158.9,150.7
5/22/2021 17:11,,,150.7
5/22/2021 17:12,236,,
5/22/2021 17:12,236,,
5/22/2021 17:12,,159,
5/22/2021 17:12,,159,150.8
5/22/2021 17:12,,,150.8
5/22/2021 17:13,235.9,,
5/22/2021 17:13,235.9,,
5/22/2021 17:13,,159.1,
5/22/2021 17:13,,159.1,150.9
5/22/2021 17:13,,,150.9
5/22/2021 17:14,236.6,,
5/22/2021 17:14,236.6,,
5/22/2021 17:14,,159.2,
5/22/2021 17:14,,159.2,151
5/22/2021 17:14,,,151
5/22/2021 17:15,237.7,,
5/22/2021 17:15,237.7,,
5/22/2021 17:15,,159.3,
5/22/2021 17:15,,159.3,151.1
5/22/2021 17:15,,,151.1
5/22/2021 17:16,237.4,,
5/22/2021 17:16,237.4,,
5/22/2021 17:16,,159.4,
5/22/2021 17:16,,159.4,151.2
5/22/2021 17:16,,,151.2
5/22/2021 17:17,234.1,,
5/22/2021 17:17,234.1,,
5/22/2021 17:17,,159.5,
5/22/2021 17:17,,159.5,151.3
5/22/2021 17:17,,,151.3
5/22/2021 17:18,231.9,,
5/22/2021 17:18,231.9,,
5/22/2021 17:18,,159.6,
5/22/2021 17:18,,159.6,151.3
5/22/2021 17:18,,,151.3
5/22/2021 17:19,229.9,,
5/22/2021 17:19,229.9,,
5/22/2021 17:19,,159.7,
5/22/2021 17:19,,159.7,151.4
5/22/2021 17:19,,,151.4
5/22/2021 17:20,229.9,,
5/22/2021 17:20,229.9,,
5/22/2021 17:20,,159.8,
5/22/2021 17:20,,159.8,151.5
5/22/2021 17:20,,,151.5
5/22/2021 17:21,229.7,,
5/22/2021 17:21,229.7,,
5/22/2021 17:21,,159.9,
5/22/2021 17:21,,159.9,151.5
5/22/2021 17:21,,,151.5
5/22/2021 17:22,228.2,,
5/22/2021 17:22,228.2,,
5/22/2021 17:22,,159.9,
5/22/2021 17:22,,159.9,151.6
5/22/2021 17:22,,,151.6
5/22/2021 17:23,228.5,,
5/22/2021 17:23,228.5,,
5/22/2021 17:23,,160,
5/22/2021 17:23,,160,151.7
5/22/2021 17:23,,,151.7
5/22/2021 17:24,228,,
5/22/2021 17:24,228,,
5/22/2021 17:24,,160.1,
5/22/2021 17:24,,160.1,151.7
5/22/2021 17:24,,,151.7
5/22/2021 17:25,226.5,,
5/22/2021 17:25,226.5,,
5/22/2021 17:25,,160.1,
5/22/2021 17:25,,160.1,151.8
5/22/2021 17:25,,,151.8
5/22/2021 17:26,227.1,,
5/22/2021 17:26,227.1,,
5/22/2021 17:26,,160.2,
5/22/2021 17:26,,160.2,151.9
5/22/2021 17:26,,,151.9
5/22/2021 17:27,227.2,,
5/22/2021 17:27,227.2,,
5/22/2021 17:27,,160.2,
5/22/2021 17:27,,160.2,151.9
5/22/2021 17:27,,,151.9
5/22/2021 17:28,226.9,,
5/22/2021 17:28,226.9,,
5/22/2021 17:28,,160.3,
5/22/2021 17:28,,160.3,152
5/22/2021 17:28,,,152
5/22/2021 17:29,227.4,,
5/22/2021 17:29,227.4,,
5/22/2021 17:29,,160.3,
5/22/2021 17:29,,160.3,152
5/22/2021 17:29,,,152
5/22/2021 17:30,228.4,,
5/22/2021 17:30,228.4,,
5/22/2021 17:30,,160.3,
5/22/2021 17:30,,160.3,152.1
5/22/2021 17:30,,,152.1
5/22/2021 17:31,229.6,,
5/22/2021 17:31,229.6,,
5/22/2021 17:31,,160.3,
5/22/2021 17:31,,160.3,152.1
5/22/2021 17:31,,,152.1
5/22/2021 17:32,230.7,,
5/22/2021 17:32,230.7,,
5/22/2021 17:32,,160.3,
5/22/2021 17:32,,160.3,152.2
5/22/2021 17:32,,,152.2
5/22/2021 17:33,230.9,,
5/22/2021 17:33,230.9,,
5/22/2021 17:33,,160.4,
5/22/2021 17:33,,160.4,152.2
5/22/2021 17:33,,,152.2
5/22/2021 17:34,231.5,,
5/22/2021 17:34,231.5,,
5/22/2021 17:34,,160.4,
5/22/2021 17:34,,160.4,152.3
5/22/2021 17:34,,,152.3
5/22/2021 17:35,232.5,,
5/22/2021 17:35,232.5,,
5/22/2021 17:35,,160.4,
5/22/2021 17:35,,160.4,152.3
5/22/2021 17:35,,,152.3
5/22/2021 17:36,232,,
5/22/2021 17:36,232,,
5/22/2021 17:36,,160.5,
5/22/2021 17:36,,160.5,152.3
5/22/2021 17:36,,,152.3
5/22/2021 17:37,232.5,,
5/22/2021 17:37,232.5,,
5/22/2021 17:37,,160.5,
5/22/2021 17:37,,160.5,152.4
5/22/2021 17:37,,,152.4
5/22/2021 17:38,235.1,,
5/22/2021 17:38,235.1,,
5/22/2021 17:38,,160.5,
5/22/2021 17:38,,160.5,152.4
5/22/2021 17:38,,,152.4
5/22/2021 17:39,236.1,,
5/22/2021 17:39,236.1,,
5/22/2021 17:39,,160.6,
5/22/2021 17:39,,160.6,152.4
5/22/2021 17:39,,,152.4
5/22/2021 17:40,237.5,,
5/22/2021 17:40,237.5,,
5/22/2021 17:40,,160.6,
5/22/2021 17:40,,160.6,152.5
5/22/2021 17:40,,,152.5
5/22/2021 17:41,237.6,,
5/22/2021 17:41,237.6,,
5/22/2021 17:41,,160.6,
5/22/2021 17:41,,160.6,152.5
5/22/2021 17:41,,,152.5
5/22/2021 17:42,238.7,,
5/22/2021 17:42,238.7,,
5/22/2021 17:42,,160.7,
5/22/2021 17:42,,160.7,152.5
5/22/2021 17:42,,,152.5
5/22/2021 17:43,238.6,,
5/22/2021 17:43,238.6,,
5/22/2021 17:43,,160.7,
5/22/2021 17:43,,160.7,152.6
5/22/2021 17:43,,,152.6
5/22/2021 17:44,239.5,,
5/22/2021 17:44,239.5,,
5/22/2021 17:44,,160.7,
5/22/2021 17:44,,160.7,152.6
5/22/2021 17:44,,,152.6
5/22/2021 17:45,239.4,,
5/22/2021 17:45,239.4,,
5/22/2021 17:45,,160.8,
5/22/2021 17:45,,160.8,152.6
5/22/2021 17:45,,,152.6
5/22/2021 17:46,239.5,,
5/22/2021 17:46,239.5,,
5/22/2021 17:46,,160.8,
5/22/2021 17:46,,160.8,152.6
5/22/2021 17:46,,,152.6
5/22/2021 17:47,240,,
5/22/2021 17:47,240,,
5/22/2021 17:47,,160.9,
5/22/2021 17:47,,160.9,152.7
5/22/2021 17:47,,,152.7
5/22/2021 17:48,241.1,,
5/22/2021 17:48,241.1,,
5/22/2021 17:48,,160.9,
5/22/2021 17:48,,160.9,152.7
5/22/2021 17:48,,,152.7
5/22/2021 17:49,241.3,,
5/22/2021 17:49,241.3,,
5/22/2021 17:49,,160.9,
5/22/2021 17:49,,160.9,152.7
5/22/2021 17:49,,,152.7
5/22/2021 17:50,243,,
5/22/2021 17:50,243,,
5/22/2021 17:50,,161,
5/22/2021 17:50,,161,152.7
5/22/2021 17:50,,,152.7
5/22/2021 17:51,243.1,,
5/22/2021 17:51,243.1,,
5/22/2021 17:51,,161,
5/22/2021 17:51,,161,152.8
5/22/2021 17:51,,,152.8
5/22/2021 17:52,243.2,,
5/22/2021 17:52,243.2,,
5/22/2021 17:52,,161,
5/22/2021 17:52,,161,152.8
5/22/2021 17:52,,,152.8
5/22/2021 17:53,243.2,,
5/22/2021 17:53,243.2,,
5/22/2021 17:53,,161,
5/22/2021 17:53,,161,152.8
5/22/2021 17:53,,,152.8
5/22/2021 17:54,243.1,,
5/22/2021 17:54,243.1,,
5/22/2021 17:54,,161.1,
5/22/2021 17:54,,161.1,152.9
5/22/2021 17:54,,,152.9
5/22/2021 17:55,243.4,,
5/22/2021 17:55,243.4,,
5/22/2021 17:55,,161.1,
5/22/2021 17:55,,161.1,152.9
5/22/2021 17:55,,,152.9
5/22/2021 17:56,242.9,,
5/22/2021 17:56,242.9,,
5/22/2021 17:56,,161.1,
5/22/2021 17:56,,161.1,152.9
5/22/2021 17:56,,,152.9
5/22/2021 17:57,240.4,,
5/22/2021 17:57,240.4,,
5/22/2021 17:57,,161.1,
5/22/2021 17:57,,161.1,152.9
5/22/2021 17:57,,,152.9
5/22/2021 17:58,239.7,,
5/22/2021 17:58,239.7,,
5/22/2021 17:58,,161.2,
5/22/2021 17:58,,161.2,153
5/22/2021 17:58,,,153
5/22/2021 17:59,239.7,,
5/22/2021 17:59,239.7,,
5/22/2021 17:59,,161.2,
5/22/2021 17:59,,161.2,153
5/22/2021 17:59,,,153
5/22/2021 18:00,240.3,,
5/22/2021 18:00,240.3,,
5/22/2021 18:00,,161.2,
5/22/2021 18:00,,161.2,153
5/22/2021 18:00,,,153
5/22/2021 18:01,240.3,,
5/22/2021 18:01,240.3,,
5/22/2021 18:01,,161.2,
5/22/2021 18:01,,161.2,153.1
5/22/2021 18:01,,,153.1
5/22/2021 18:02,240.6,,
5/22/2021 18:02,240.6,,
5/22/2021 18:02,,161.2,
5/22/2021 18:02,,161.2,153.1
5/22/2021 18:02,,,153.1
5/22/2021 18:03,240.4,,
5/22/2021 18:03,240.4,,
5/22/2021 18:03,,161.2,
5/22/2021 18:03,,161.2,153.1
5/22/2021 18:03,,,153.1
5/22/2021 18:04,240.8,,
5/22/2021 18:04,240.8,,
5/22/2021 18:04,,161.3,
5/22/2021 18:04,,161.3,153.2
5/22/2021 18:04,,,153.2
5/22/2021 18:05,241.5,,
5/22/2021 18:05,241.5,,
5/22/2021 18:05,,161.3,
5/22/2021 18:05,,161.3,153.2
5/22/2021 18:05,,,153.2
5/22/2021 18:06,241.5,,
5/22/2021 18:06,241.5,,
5/22/2021 18:06,,161.3,
5/22/2021 18:06,,161.3,153.3
5/22/2021 18:06,,,153.3
5/22/2021 18:07,242,,
5/22/2021 18:07,242,,
5/22/2021 18:07,,161.3,
5/22/2021 18:07,,161.3,153.3
5/22/2021 18:07,,,153.3
5/22/2021 18:08,242,,
5/22/2021 18:08,242,,
5/22/2021 18:08,,161.4,
5/22/2021 18:08,,161.4,153.4
5/22/2021 18:08,,,153.4
5/22/2021 18:09,242.8,,
5/22/2021 18:09,242.8,,
5/22/2021 18:09,,161.4,
5/22/2021 18:09,,161.4,153.4
5/22/2021 18:09,,,153.4
5/22/2021 18:10,243.7,,
5/22/2021 18:10,243.7,,
5/22/2021 18:10,,161.4,
5/22/2021 18:10,,161.4,153.4
5/22/2021 18:10,,,153.4
5/22/2021 18:11,242.5,,
5/22/2021 18:11,242.5,,
5/22/2021 18:11,,161.4,
5/22/2021 18:11,,161.4,153.5
5/22/2021 18:11,,,153.5
5/22/2021 18:12,242.1,,
5/22/2021 18:12,242.1,,
5/22/2021 18:12,,161.4,
5/22/2021 18:12,,161.4,153.5
5/22/2021 18:12,,,153.5
5/22/2021 18:13,241.5,,
5/22/2021 18:13,241.5,,
5/22/2021 18:13,,161.4,
5/22/2021 18:13,,161.4,153.5
5/22/2021 18:13,,,153.5
5/22/2021 18:14,241.3,,
5/22/2021 18:14,241.3,,
5/22/2021 18:14,,161.4,
5/22/2021 18:14,,161.4,153.6
5/22/2021 18:14,,,153.6
5/22/2021 18:15,242,,
5/22/2021 18:15,242,,
5/22/2021 18:15,,161.4,
5/22/2021 18:15,,161.4,153.6
5/22/2021 18:15,,,153.6
5/22/2021 18:16,242.4,,
5/22/2021 18:16,242.4,,
5/22/2021 18:16,,161.5,
5/22/2021 18:16,,161.5,153.7
5/22/2021 18:16,,,153.7
5/22/2021 18:17,241.2,,
5/22/2021 18:17,241.2,,
5/22/2021 18:17,,161.5,
5/22/2021 18:17,,161.5,153.7
5/22/2021 18:17,,,153.7
5/22/2021 18:18,238.5,,
5/22/2021 18:18,238.5,,
5/22/2021 18:18,,161.5,
5/22/2021 18:18,,161.5,153.8
5/22/2021 18:18,,,153.8
5/22/2021 18:19,237.2,,
5/22/2021 18:19,237.2,,
5/22/2021 18:19,,161.5,
5/22/2021 18:19,,161.5,153.8
5/22/2021 18:19,,,153.8
5/22/2021 18:20,236.1,,
5/22/2021 18:20,236.1,,
5/22/2021 18:20,,161.5,
5/22/2021 18:20,,161.5,153.9
5/22/2021 18:20,,,153.9
5/22/2021 18:21,235.3,,
5/22/2021 18:21,235.3,,
5/22/2021 18:21,,161.5,
5/22/2021 18:21,,161.5,153.9
5/22/2021 18:21,,,153.9
5/22/2021 18:22,235.1,,
5/22/2021 18:22,235.1,,
5/22/2021 18:22,,161.5,
5/22/2021 18:22,,161.5,154
5/22/2021 18:22,,,154
5/22/2021 18:23,234.4,,
5/22/2021 18:23,234.4,,
5/22/2021 18:23,,161.4,
5/22/2021 18:23,,161.4,154
5/22/2021 18:23,,,154
5/22/2021 18:24,238.7,,
5/22/2021 18:24,238.7,,
5/22/2021 18:24,,161.5,
5/22/2021 18:24,,161.5,154
5/22/2021 18:24,,,154
5/22/2021 18:25,244.1,,
5/22/2021 18:25,244.1,,
5/22/2021 18:25,,161.5,
5/22/2021 18:25,,161.5,154.1
5/22/2021 18:25,,,154.1
5/22/2021 18:26,247.1,,
5/22/2021 18:26,247.1,,
5/22/2021 18:26,,161.5,
5/22/2021 18:26,,161.5,154.1
5/22/2021 18:26,,,154.1
5/22/2021 18:27,247.2,,
5/22/2021 18:27,247.2,,
5/22/2021 18:27,,161.5,
5/22/2021 18:27,,161.5,154.2
5/22/2021 18:27,,,154.2
5/22/2021 18:28,249,,
5/22/2021 18:28,249,,
5/22/2021 18:28,,161.6,
5/22/2021 18:28,,161.6,154.2
5/22/2021 18:28,,,154.2
5/22/2021 18:29,249.6,,
5/22/2021 18:29,249.6,,
5/22/2021 18:29,,161.6,
5/22/2021 18:29,,161.6,154.3
5/22/2021 18:29,,,154.3
5/22/2021 18:30,249,,
5/22/2021 18:30,249,,
5/22/2021 18:30,,161.6,
5/22/2021 18:30,,161.6,154.3
5/22/2021 18:30,,,154.3
5/22/2021 18:31,249.1,,
5/22/2021 18:31,249.1,,
5/22/2021 18:31,,161.6,
5/22/2021 18:31,,161.6,154.4
5/22/2021 18:31,,,154.4
5/22/2021 18:32,249.9,,
5/22/2021 18:32,249.9,,
5/22/2021 18:32,,161.6,
5/22/2021 18:32,,161.6,154.4
5/22/2021 18:32,,,154.4
5/22/2021 18:33,250.4,,
5/22/2021 18:33,250.4,,
5/22/2021 18:33,,161.6,
5/22/2021 18:33,,161.6,154.5
5/22/2021 18:33,,,154.5
5/22/2021 18:34,250,,
5/22/2021 18:34,250,,
5/22/2021 18:34,,161.6,
5/22/2021 18:34,,161.6,154.5
5/22/2021 18:34,,,154.5
5/22/2021 18:35,251.4,,
5/22/2021 18:35,251.4,,
5/22/2021 18:35,,161.6,
5/22/2021 18:35,,161.6,154.6
5/22/2021 18:35,,,154.6
5/22/2021 18:36,251.9,,
5/22/2021 18:36,251.9,,
5/22/2021 18:36,,161.6,
5/22/2021 18:36,,161.6,154.6
5/22/2021 18:36,,,154.6
5/22/2021 18:37,251.4,,
5/22/2021 18:37,251.4,,
5/22/2021 18:37,,161.6,
5/22/2021 18:37,,161.6,154.6
5/22/2021 18:37,,,154.6
5/22/2021 18:38,251.8,,
5/22/2021 18:38,251.8,,
5/22/2021 18:38,,161.6,
5/22/2021 18:38,,161.6,154.7
5/22/2021 18:38,,,154.7
5/22/2021 18:39,250.9,,
5/22/2021 18:39,250.9,,
5/22/2021 18:39,,161.7,
5/22/2021 18:39,,161.7,154.7
5/22/2021 18:39,,,154.7
5/22/2021 18:40,251.6,,
5/22/2021 18:40,251.6,,
5/22/2021 18:40,,161.7,
5/22/2021 18:40,,161.7,154.8
5/22/2021 18:40,,,154.8
5/22/2021 18:41,251.4,,
5/22/2021 18:41,251.4,,
5/22/2021 18:41,,161.7,
5/22/2021 18:41,,161.7,154.8
5/22/2021 18:41,,,154.8
5/22/2021 18:42,251.5,,
5/22/2021 18:42,251.5,,
5/22/2021 18:42,,161.8,
5/22/2021 18:42,,161.8,154.8
5/22/2021 18:42,,,154.8
5/22/2021 18:43,252,,
5/22/2021 18:43,252,,
5/22/2021 18:43,,161.8,
5/22/2021 18:43,,161.8,154.9
5/22/2021 18:43,,,154.9
5/22/2021 18:44,252,,
5/22/2021 18:44,252,,
5/22/2021 18:44,,161.8,
5/22/2021 18:44,,161.8,154.9
5/22/2021 18:44,,,154.9
5/22/2021 18:45,251.2,,
5/22/2021 18:45,251.2,,
5/22/2021 18:45,,161.8,
5/22/2021 18:45,,161.8,154.9
5/22/2021 18:45,,,154.9
5/22/2021 18:46,249.2,,
5/22/2021 18:46,249.2,,
5/22/2021 18:46,,161.8,
5/22/2021 18:46,,161.8,155
5/22/2021 18:46,,,155
5/22/2021 18:47,237.7,,
5/22/2021 18:47,237.7,,
5/22/2021 18:47,,161.9,
5/22/2021 18:47,,161.9,155
5/22/2021 18:47,,,155
5/22/2021 18:48,231.2,,
5/22/2021 18:48,231.2,,
5/22/2021 18:48,,161.9,
5/22/2021 18:48,,161.9,155
5/22/2021 18:48,,,155
5/22/2021 18:49,228.3,,
5/22/2021 18:49,228.3,,
5/22/2021 18:49,,161.9,
5/22/2021 18:49,,161.9,155.1
5/22/2021 18:49,,,155.1
5/22/2021 18:50,227.5,,
5/22/2021 18:50,227.5,,
5/22/2021 18:50,,161.9,
5/22/2021 18:50,,161.9,155.1
5/22/2021 18:50,,,155.1
5/22/2021 18:51,227.1,,
5/22/2021 18:51,227.1,,
5/22/2021 18:51,,161.9,
5/22/2021 18:51,,161.9,155.2
5/22/2021 18:51,,,155.2
5/22/2021 18:52,227.4,,
5/22/2021 18:52,227.4,,
5/22/2021 18:52,,161.9,
5/22/2021 18:52,,161.9,155.2
5/22/2021 18:52,,,155.2
5/22/2021 18:53,227.9,,
5/22/2021 18:53,227.9,,
5/22/2021 18:53,,161.9,
5/22/2021 18:53,,161.9,155.2
5/22/2021 18:53,,,155.2
5/22/2021 18:54,228.2,,
5/22/2021 18:54,228.2,,
5/22/2021 18:54,,161.9,
5/22/2021 18:54,,161.9,155.3
5/22/2021 18:54,,,155.3
5/22/2021 18:55,228.4,,
5/22/2021 18:55,228.4,,
5/22/2021 18:55,,161.9,
5/22/2021 18:55,,161.9,155.3
5/22/2021 18:55,,,155.3
5/22/2021 18:56,229,,
5/22/2021 18:56,229,,
5/22/2021 18:56,,161.9,
5/22/2021 18:56,,161.9,155.3
5/22/2021 18:56,,,155.3
5/22/2021 18:57,229.5,,
5/22/2021 18:57,229.5,,
5/22/2021 18:57,,161.8,
5/22/2021 18:57,,161.8,155.4
5/22/2021 18:57,,,155.4
5/22/2021 18:58,229.4,,
5/22/2021 18:58,229.4,,
5/22/2021 18:58,,161.8,
5/22/2021 18:58,,161.8,155.4
5/22/2021 18:58,,,155.4
5/22/2021 18:59,229.9,,
5/22/2021 18:59,229.9,,
5/22/2021 18:59,,161.8,
5/22/2021 18:59,,161.8,155.4
5/22/2021 18:59,,,155.4
5/22/2021 19:00,231.7,,
5/22/2021 19:00,231.7,,
5/22/2021 19:00,,161.7,
5/22/2021 19:00,,161.7,155.4
5/22/2021 19:00,,,155.4
5/22/2021 19:01,233.1,,
5/22/2021 19:01,233.1,,
5/22/2021 19:01,,161.7,
5/22/2021 19:01,,161.7,155.5
5/22/2021 19:01,,,155.5
5/22/2021 19:02,233.9,,
5/22/2021 19:02,233.9,,
5/22/2021 19:02,,161.6,
5/22/2021 19:02,,161.6,155.5
5/22/2021 19:02,,,155.5
5/22/2021 19:03,235.2,,
5/22/2021 19:03,235.2,,
5/22/2021 19:03,,161.6,
5/22/2021 19:03,,161.6,155.5
5/22/2021 19:03,,,155.5
5/22/2021 19:04,235.1,,
5/22/2021 19:04,235.1,,
5/22/2021 19:04,,161.6,
5/22/2021 19:04,,161.6,155.5
5/22/2021 19:04,,,155.5
5/22/2021 19:05,235.9,,
5/22/2021 19:05,235.9,,
5/22/2021 19:05,,161.6,
5/22/2021 19:05,,161.6,155.5
5/22/2021 19:05,,,155.5
5/22/2021 19:06,235.5,,
5/22/2021 19:06,235.5,,
5/22/2021 19:06,,161.6,
5/22/2021 19:06,,161.6,155.5
5/22/2021 19:06,,,155.5
5/22/2021 19:07,236.3,,
5/22/2021 19:07,236.3,,
5/22/2021 19:07,,161.6,
5/22/2021 19:07,,161.6,155.6
5/22/2021 19:07,,,155.6
5/22/2021 19:08,237.3,,
5/22/2021 19:08,237.3,,
5/22/2021 19:08,,161.6,
5/22/2021 19:08,,161.6,155.6
5/22/2021 19:08,,,155.6
5/22/2021 19:09,238.5,,
5/22/2021 19:09,238.5,,
5/22/2021 19:09,,161.6,
5/22/2021 19:09,,161.6,155.6
5/22/2021 19:09,,,155.6
5/22/2021 19:10,239.3,,
5/22/2021 19:10,239.3,,
5/22/2021 19:10,,161.6,
5/22/2021 19:10,,161.6,155.6
5/22/2021 19:10,,,155.6
5/22/2021 19:11,238.9,,
5/22/2021 19:11,238.9,,
5/22/2021 19:11,,161.6,
5/22/2021 19:11,,161.6,155.6
5/22/2021 19:11,,,155.6
5/22/2021 19:12,239.7,,
5/22/2021 19:12,239.7,,
5/22/2021 19:12,,161.7,
5/22/2021 19:12,,161.7,155.6
5/22/2021 19:12,,,155.6
5/22/2021 19:13,241.3,,
5/22/2021 19:13,241.3,,
5/22/2021 19:13,,161.7,
5/22/2021 19:13,,161.7,155.6
5/22/2021 19:13,,,155.6
5/22/2021 19:14,241.1,,
5/22/2021 19:14,241.1,,
5/22/2021 19:14,,161.7,
5/22/2021 19:14,,161.7,155.6
5/22/2021 19:14,,,155.6
5/22/2021 19:15,242.2,,
5/22/2021 19:15,242.2,,
5/22/2021 19:15,,161.7,
5/22/2021 19:15,,161.7,155.6
5/22/2021 19:15,,,155.6
5/22/2021 19:16,244,,
5/22/2021 19:16,244,,
5/22/2021 19:16,,161.7,
5/22/2021 19:16,,161.7,155.6
5/22/2021 19:16,,,155.6
5/22/2021 19:17,245,,
5/22/2021 19:17,245,,
5/22/2021 19:17,,161.7,
5/22/2021 19:17,,161.7,155.6
5/22/2021 19:17,,,155.6
5/22/2021 19:18,245.3,,
5/22/2021 19:18,245.3,,
5/22/2021 19:18,,161.7,
5/22/2021 19:18,,161.7,155.6
5/22/2021 19:18,,,155.6
5/22/2021 19:19,245.6,,
5/22/2021 19:19,245.6,,
5/22/2021 19:19,,161.7,
5/22/2021 19:19,,161.7,155.6
5/22/2021 19:19,,,155.6
5/22/2021 19:20,246.7,,
5/22/2021 19:20,246.7,,
5/22/2021 19:20,,161.7,
5/22/2021 19:20,,161.7,155.6
5/22/2021 19:20,,,155.6
5/22/2021 19:21,247.2,,
5/22/2021 19:21,247.2,,
5/22/2021 19:21,,161.8,
5/22/2021 19:21,,161.8,155.6
5/22/2021 19:21,,,155.6
5/22/2021 19:22,248.1,,
5/22/2021 19:22,248.1,,
5/22/2021 19:22,,161.8,
5/22/2021 19:22,,161.8,155.6
5/22/2021 19:22,,,155.6
5/22/2021 19:23,247.9,,
5/22/2021 19:23,247.9,,
5/22/2021 19:23,,161.8,
5/22/2021 19:23,,161.8,155.6
5/22/2021 19:23,,,155.6
5/22/2021 19:24,247.4,,
5/22/2021 19:24,247.4,,
5/22/2021 19:24,,161.8,
5/22/2021 19:24,,161.8,155.6
5/22/2021 19:24,,,155.6
5/22/2021 19:25,246.8,,
5/22/2021 19:25,246.8,,
5/22/2021 19:25,,161.8,
5/22/2021 19:25,,161.8,155.7
5/22/2021 19:25,,,155.7
5/22/2021 19:26,247,,
5/22/2021 19:26,247,,
5/22/2021 19:26,,161.9,
5/22/2021 19:26,,161.9,155.7
5/22/2021 19:26,,,155.7
5/22/2021 19:27,247.8,,
5/22/2021 19:27,247.8,,
5/22/2021 19:27,,161.9,
5/22/2021 19:27,,161.9,155.7
5/22/2021 19:27,,,155.7
5/22/2021 19:28,248.9,,
5/22/2021 19:28,248.9,,
5/22/2021 19:28,,162,
5/22/2021 19:28,,162,155.7
5/22/2021 19:28,,,155.7
5/22/2021 19:29,248.6,,
5/22/2021 19:29,248.6,,
5/22/2021 19:29,,162,
5/22/2021 19:29,,162,155.7
5/22/2021 19:29,,,155.7
5/22/2021 19:30,247.4,,
5/22/2021 19:30,247.4,,
5/22/2021 19:30,,162,
5/22/2021 19:30,,162,155.7
5/22/2021 19:30,,,155.7
5/22/2021 19:31,248.2,,
5/22/2021 19:31,248.2,,
5/22/2021 19:31,,162.1,
5/22/2021 19:31,,162.1,155.8
5/22/2021 19:31,,,155.8
5/22/2021 19:32,248.6,,
5/22/2021 19:32,248.6,,
5/22/2021 19:32,,162.1,
5/22/2021 19:32,,162.1,155.8
5/22/2021 19:32,,,155.8
5/22/2021 19:33,247.8,,
5/22/2021 19:33,247.8,,
5/22/2021 19:33,,162.1,
5/22/2021 19:33,,162.1,155.8
5/22/2021 19:33,,,155.8
5/22/2021 19:34,248,,
5/22/2021 19:34,248,,
5/22/2021 19:34,,162.2,
5/22/2021 19:34,,162.2,155.8
5/22/2021 19:34,,,155.8
5/22/2021 19:35,247.7,,
5/22/2021 19:35,247.7,,
5/22/2021 19:35,,162.2,
5/22/2021 19:35,,162.2,155.9
5/22/2021 19:35,,,155.9
5/22/2021 19:36,247.1,,
5/22/2021 19:36,247.1,,
5/22/2021 19:36,,162.2,
5/22/2021 19:36,,162.2,155.9
5/22/2021 19:36,,,155.9
5/22/2021 19:37,247.7,,
5/22/2021 19:37,247.7,,
5/22/2021 19:37,,162.2,
5/22/2021 19:37,,162.2,155.9
5/22/2021 19:37,,,155.9
5/22/2021 19:38,247.1,,
5/22/2021 19:38,247.1,,
5/22/2021 19:38,,162.3,
5/22/2021 19:38,,162.3,156
5/22/2021 19:38,,,156
5/22/2021 19:39,246.2,,
5/22/2021 19:39,246.2,,
5/22/2021 19:39,,162.3,
5/22/2021 19:39,,162.3,156
5/22/2021 19:39,,,156
5/22/2021 19:40,246.2,,
5/22/2021 19:40,246.2,,
5/22/2021 19:40,,162.3,
5/22/2021 19:40,,162.3,156
5/22/2021 19:40,,,156
5/22/2021 19:41,246.3,,
5/22/2021 19:41,246.3,,
5/22/2021 19:41,,162.3,
5/22/2021 19:41,,162.3,156.1
5/22/2021 19:41,,,156.1
5/22/2021 19:42,246.6,,
5/22/2021 19:42,246.6,,
5/22/2021 19:42,,162.3,
5/22/2021 19:42,,162.3,156.1
5/22/2021 19:42,,,156.1
5/22/2021 19:43,248,,
5/22/2021 19:43,248,,
5/22/2021 19:43,,162.4,
5/22/2021 19:43,,162.4,156.1
5/22/2021 19:43,,,156.1
5/22/2021 19:44,247.1,,
5/22/2021 19:44,247.1,,
5/22/2021 19:44,,162.4,
5/22/2021 19:44,,162.4,156.2
5/22/2021 19:44,,,156.2
5/22/2021 19:45,247.2,,
5/22/2021 19:45,247.2,,
5/22/2021 19:45,,162.4,
5/22/2021 19:45,,162.4,156.2
5/22/2021 19:45,,,156.2
5/22/2021 19:46,247.6,,
5/22/2021 19:46,247.6,,
5/22/2021 19:46,,162.5,
5/22/2021 19:46,,162.5,156.3
5/22/2021 19:46,,,156.3
5/22/2021 19:47,246.2,,
5/22/2021 19:47,246.2,,
5/22/2021 19:47,,162.5,
5/22/2021 19:47,,162.5,156.3
5/22/2021 19:47,,,156.3
5/22/2021 19:48,245.1,,
5/22/2021 19:48,245.1,,
5/22/2021 19:48,,162.6,
5/22/2021 19:48,,162.6,156.4
5/22/2021 19:48,,,156.4
5/22/2021 19:49,244.8,,
5/22/2021 19:49,244.8,,
5/22/2021 19:49,,162.6,
5/22/2021 19:49,,162.6,156.4
5/22/2021 19:49,,,156.4
5/22/2021 19:50,244.4,,
5/22/2021 19:50,244.4,,
5/22/2021 19:50,,162.6,
5/22/2021 19:50,,162.6,156.5
5/22/2021 19:50,,,156.5
5/22/2021 19:51,243.2,,
5/22/2021 19:51,243.2,,
5/22/2021 19:51,,162.6,
5/22/2021 19:51,,162.6,156.5
5/22/2021 19:51,,,156.5
5/22/2021 19:52,242.5,,
5/22/2021 19:52,242.5,,
5/22/2021 19:52,,162.7,
5/22/2021 19:52,,162.7,156.6
5/22/2021 19:52,,,156.6
5/22/2021 19:53,242.1,,
5/22/2021 19:53,242.1,,
5/22/2021 19:53,,162.7,
5/22/2021 19:53,,162.7,156.6
5/22/2021 19:53,,,156.6
5/22/2021 19:54,241.3,,
5/22/2021 19:54,241.3,,
5/22/2021 19:54,,162.7,
5/22/2021 19:54,,162.7,156.7
5/22/2021 19:54,,,156.7
5/22/2021 19:55,239.9,,
5/22/2021 19:55,239.9,,
5/22/2021 19:55,,162.8,
5/22/2021 19:55,,162.8,156.7
5/22/2021 19:55,,,156.7
5/22/2021 19:56,239.9,,
5/22/2021 19:56,239.9,,
5/22/2021 19:56,,162.8,
5/22/2021 19:56,,162.8,156.8
5/22/2021 19:56,,,156.8
5/22/2021 19:57,239.7,,
5/22/2021 19:57,239.7,,
5/22/2021 19:57,,162.8,
5/22/2021 19:57,,162.8,156.8
5/22/2021 19:57,,,156.8
5/22/2021 19:58,239.3,,
5/22/2021 19:58,239.3,,
5/22/2021 19:58,,162.9,
5/22/2021 19:58,,162.9,156.9
5/22/2021 19:58,,,156.9
5/22/2021 19:59,239.6,,
5/22/2021 19:59,239.6,,
5/22/2021 19:59,,162.9,
5/22/2021 19:59,,162.9,156.9
5/22/2021 19:59,,,156.9
5/22/2021 20:00,240.1,,
5/22/2021 20:00,240.1,,
5/22/2021 20:00,,162.9,
5/22/2021 20:00,,162.9,157
5/22/2021 20:00,,,157
5/22/2021 20:01,241.1,,
5/22/2021 20:01,241.1,,
5/22/2021 20:01,,162.9,
5/22/2021 20:01,,162.9,157
5/22/2021 20:01,,,157
5/22/2021 20:02,236.6,,
5/22/2021 20:02,236.6,,
5/22/2021 20:02,,163,
5/22/2021 20:02,,163,157.1
5/22/2021 20:02,,,157.1
5/22/2021 20:03,233.3,,
5/22/2021 20:03,233.3,,
5/22/2021 20:03,,163,
5/22/2021 20:03,,163,157.1
5/22/2021 20:03,,,157.1
5/22/2021 20:04,233.3,,
5/22/2021 20:04,233.3,,
5/22/2021 20:04,,163,
5/22/2021 20:04,,163,157.2
5/22/2021 20:04,,,157.2
5/22/2021 20:05,231.1,,
5/22/2021 20:05,231.1,,
5/22/2021 20:05,,163,
5/22/2021 20:05,,163,157.2
5/22/2021 20:05,,,157.2
5/22/2021 20:06,230.1,,
5/22/2021 20:06,230.1,,
5/22/2021 20:06,,163,
5/22/2021 20:06,,163,157.3
5/22/2021 20:06,,,157.3
5/22/2021 20:07,229.4,,
5/22/2021 20:07,229.4,,
5/22/2021 20:07,,163,
5/22/2021 20:07,,163,157.3
5/22/2021 20:07,,,157.3
5/22/2021 20:08,228.4,,
5/22/2021 20:08,228.4,,
5/22/2021 20:08,,163,
5/22/2021 20:08,,163,157.4
5/22/2021 20:08,,,157.4
5/22/2021 20:09,228,,
5/22/2021 20:09,228,,
5/22/2021 20:09,,163,
5/22/2021 20:09,,163,157.4
5/22/2021 20:09,,,157.4
5/22/2021 20:10,227.9,,
5/22/2021 20:10,227.9,,
5/22/2021 20:10,,163,
5/22/2021 20:10,,163,157.5
5/22/2021 20:10,,,157.5
5/22/2021 20:11,228.7,,
5/22/2021 20:11,228.7,,
5/22/2021 20:11,,163.1,
5/22/2021 20:11,,163.1,157.5
5/22/2021 20:11,,,157.5
5/22/2021 20:12,228.7,,
5/22/2021 20:12,228.7,,
5/22/2021 20:12,,163.1,
5/22/2021 20:12,,163.1,157.5
5/22/2021 20:12,,,157.5
5/22/2021 20:13,227.4,,
5/22/2021 20:13,227.4,,
5/22/2021 20:13,,163.2,
5/22/2021 20:13,,163.2,157.6
5/22/2021 20:13,,,157.6
5/22/2021 20:14,229,,
5/22/2021 20:14,229,,
5/22/2021 20:14,,163.3,
5/22/2021 20:14,,163.3,157.6
5/22/2021 20:14,,,157.6
5/22/2021 20:15,227.8,,
5/22/2021 20:15,227.8,,
5/22/2021 20:15,,163.3,
5/22/2021 20:15,,163.3,157.6
5/22/2021 20:15,,,157.6
5/22/2021 20:16,224.9,,
5/22/2021 20:16,224.9,,
5/22/2021 20:16,,163.4,
5/22/2021 20:16,,163.4,157.7
5/22/2021 20:16,,,157.7
5/22/2021 20:17,224.5,,
5/22/2021 20:17,224.5,,
5/22/2021 20:17,,163.4,
5/22/2021 20:17,,163.4,157.7
5/22/2021 20:17,,,157.7
5/22/2021 20:18,193.2,,
5/22/2021 20:18,193.2,,
5/22/2021 20:18,,173.2,
5/22/2021 20:18,,173.2,157.8
5/22/2021 20:18,,,157.8
5/22/2021 20:19,169.9,,
5/22/2021 20:19,169.9,,
5/22/2021 20:19,,177.9,
5/22/2021 20:19,,177.9,102.8
5/22/2021 20:19,,,102.8
5/22/2021 20:20,,178.5,
5/22/2021 20:20,,178.5,161
5/22/2021 20:20,,,161
5/22/2021 20:25,,178,169
5/22/2021 20:25,,178,169
5/22/2021 20:26,,177.3,168.8
5/22/2021 20:26,,177.3,168.8
5/22/2021 20:27,,176.6,168.5
5/22/2021 20:27,,176.6,168.5
5/22/2021 20:28,,176,168.2
5/22/2021 20:28,,176,168.2
5/22/2021 20:29,,175.4,167.8
5/22/2021 20:29,,175.4,167.8
5/22/2021 20:30,,174.9,167.4
5/22/2021 20:30,,174.9,167.4
5/22/2021 20:31,,174.6,167
5/22/2021 20:31,,174.6,167
5/22/2021 20:32,,174.4,166.7
5/22/2021 20:32,,174.4,166.7
5/22/2021 20:33,,174.3,166.4
5/22/2021 20:33,,174.3,166.4
5/22/2021 20:34,,174.4,166.2
5/22/2021 20:34,,174.4,166.2
5/22/2021 20:35,,174.5,166
5/22/2021 20:35,,174.5,166
5/22/2021 20:36,,174.7,165.9
5/22/2021 20:36,,174.7,165.9
5/22/2021 20:37,,175,165.8
5/22/2021 20:37,,175,165.8
5/22/2021 20:38,,175.3,165.7
5/22/2021 20:38,,175.3,165.7
5/22/2021 20:39,,175.8,165.7
5/22/2021 20:39,,175.8,165.7
5/22/2021 20:40,,176.2,165.7
5/22/2021 20:40,,176.2,165.7
5/22/2021 20:41,,176.7,165.8
5/22/2021 20:41,,176.7,165.8
5/22/2021 20:42,,177.2,165.9
5/22/2021 20:42,,177.2,165.9
5/22/2021 20:43,,177.7,166.1
5/22/2021 20:43,,177.7,166.1
5/22/2021 20:44,,178.2,166.2
5/22/2021 20:44,,178.2,166.2
5/22/2021 20:45,,178.6,166.4
5/22/2021 20:45,,178.7,166.4
5/22/2021 20:45,,178.7,166.4
5/22/2021 20:46,,179.2,166.6
5/22/2021 20:46,,179.2,166.6
5/22/2021 20:47,,179.7,166.8
5/22/2021 20:47,,179.7,166.8
5/22/2021 20:48,,180.2,167
5/22/2021 20:48,,180.2,167
5/22/2021 20:49,,180.8,167.2
5/22/2021 20:49,,180.8,167.2
5/22/2021 20:50,,181.2,167.5
5/22/2021 20:50,,181.2,167.5
5/22/2021 20:51,,181.7,167.8
5/22/2021 20:51,,181.7,167.8
5/22/2021 20:52,,182.1,168
5/22/2021 20:52,,182.1,168
5/22/2021 20:53,,182.6,168.3
5/22/2021 20:53,,182.6,168.3
5/22/2021 20:54,,183.1,168.6
5/22/2021 20:54,,183.1,168.6
5/22/2021 20:55,,183.5,168.9
5/22/2021 20:55,,183.5,168.9
5/22/2021 20:56,,184,169.2
5/22/2021 20:56,,184,169.2
5/22/2021 20:57,,184.5,169.6
5/22/2021 20:57,,184.5,169.6
5/22/2021 20:58,,184.9,169.9
5/22/2021 20:58,,184.9,169.9
5/22/2021 20:59,,185.3,170.2
5/22/2021 20:59,,185.3,170.2
5/22/2021 21:00,,185.7,170.6
5/22/2021 21:00,,185.7,170.6
5/22/2021 21:01,,186,170.9
5/22/2021 21:01,,186,170.9
5/22/2021 21:02,,186.3,171.2
5/22/2021 21:02,,186.3,171.2
5/22/2021 21:03,,186.6,171.6
5/22/2021 21:03,,186.6,171.6
5/22/2021 21:04,,187,171.9
5/22/2021 21:04,,187,171.9
5/22/2021 21:05,,187.4,172.3
5/22/2021 21:05,,187.4,172.3
5/22/2021 21:06,,187.7,172.7
5/22/2021 21:06,,187.7,172.7
5/22/2021 21:07,,188.1,173
5/22/2021 21:07,,188.1,173
5/22/2021 21:08,,188.4,173.4
5/22/2021 21:08,,188.4,173.4
5/22/2021 21:09,,188.6,173.8
5/22/2021 21:09,,188.6,173.8
5/22/2021 21:10,,189,174.2
5/22/2021 21:10,,189,174.2
5/22/2021 21:11,,189.2,174.6
5/22/2021 21:11,,189.2,174.6
5/22/2021 21:12,,189.5,175
5/22/2021 21:12,,189.5,175
5/22/2021 21:13,,189.7,175.4
5/22/2021 21:13,,189.7,175.4
5/22/2021 21:14,,190.1,175.8
5/22/2021 21:14,,190.1,175.8
5/22/2021 21:15,,190.3,176.3
5/22/2021 21:15,,190.3,176.3
5/22/2021 21:16,,190.7,176.7
5/22/2021 21:16,,190.7,176.7
5/22/2021 21:17,,191,177.2
5/22/2021 21:17,,191,177.2
5/22/2021 21:18,,191.3,177.6
5/22/2021 21:18,,191.3,177.6
5/22/2021 21:19,,191.5,178.1
5/22/2021 21:19,,191.5,178.1
5/22/2021 21:20,,191.8,178.5
5/22/2021 21:20,,191.8,178.5
5/22/2021 21:21,,192.1,178.9
5/22/2021 21:21,,192.1,178.9
5/22/2021 21:22,,192.3,179.3
5/22/2021 21:22,,192.3,179.3
5/22/2021 21:23,,192.6,179.8
5/22/2021 21:23,,192.6,179.8
5/22/2021 21:24,,192.8,180.2
5/22/2021 21:24,,192.8,180.2
5/22/2021 21:25,,193.1,180.6
5/22/2021 21:25,,193.1,180.6
5/22/2021 21:26,,193.4,181.1
5/22/2021 21:26,,193.4,181.1
5/22/2021 21:27,,193.7,181.5
5/22/2021 21:27,,193.7,181.5
5/22/2021 21:28,,194,181.9
5/22/2021 21:28,,194,181.9
5/22/2021 21:29,,194.2,182.3
5/22/2021 21:29,,194.2,182.3
5/22/2021 21:30,,194.4,182.7
5/22/2021 21:30,,194.4,182.7
5/22/2021 21:31,,194.6,183.1
5/22/2021 21:31,,194.6,183.1
5/22/2021 21:32,,194.9,183.5
5/22/2021 21:32,,194.9,183.5
5/22/2021 21:33,,195.2,183.9
5/22/2021 21:33,,195.2,183.9
5/22/2021 21:34,,195.4,184.3
5/22/2021 21:34,,195.4,184.3
5/22/2021 21:35,,195.7,184.7
5/22/2021 21:35,,195.7,184.7
5/22/2021 21:36,,196.1,185.1
5/22/2021 21:36,,196.1,185.1
5/22/2021 21:37,,196.3,185.5
5/22/2021 21:37,,196.3,185.5
5/22/2021 21:38,,196.7,185.9
5/22/2021 21:38,,196.7,185.9
5/22/2021 21:39,,197,186.4
5/22/2021 21:39,,197,186.4
5/22/2021 21:40,,197.3,186.8
5/22/2021 21:40,,197.3,186.8
5/22/2021 21:41,,197.6,187.2
5/22/2021 21:41,,197.6,187.2
5/22/2021 21:42,,198,187.6
5/22/2021 21:42,,198,187.6
5/22/2021 21:43,,198.2,188
5/22/2021 21:43,,198.2,188
5/22/2021 21:44,,198.6,188.4
5/22/2021 21:44,,198.6,188.4
5/22/2021 21:45,,198.9,188.8
5/22/2021 21:45,,198.9,188.8
5/22/2021 21:46,,199.2,189.2
5/22/2021 21:46,,199.2,189.2
5/22/2021 21:47,,199.5,189.6
5/22/2021 21:47,,199.5,189.6
5/22/2021 21:48,,199.9,190
5/22/2021 21:48,,199.9,190
5/22/2021 21:49,,200.2,190.4
5/22/2021 21:49,,200.2,190.4
5/22/2021 21:50,,200.5,190.8
5/22/2021 21:50,,200.5,190.8
5/22/2021 21:51,,200.8,191.2
5/22/2021 21:51,,200.8,191.2
5/22/2021 21:52,,201.1,191.6
5/22/2021 21:52,,201.1,191.6
5/22/2021 21:53,,201.5,192
5/22/2021 21:53,,201.5,192
5/22/2021 21:54,,201.8,192.4
5/22/2021 21:54,,201.8,192.4
5/22/2021 21:55,,202,192.8
5/22/2021 21:55,,202,192.8
5/22/2021 21:56,,202.4,193.2
5/22/2021 21:56,,202.4,193.2
5/22/2021 21:57,,202.6,193.6
5/22/2021 21:57,,202.6,193.6
5/22/2021 21:58,,202.9,193.9
5/22/2021 21:58,,202.9,193.9
5/22/2021 21:59,,203.2,194.3
5/22/2021 21:59,,203.2,194.3
5/22/2021 21:59,,203.3,194.4
5/22/2021 21:59,,203.3,194.4
5/22/2021 22:00,,203.5,194.7
5/22/2021 22:00,,203.5,194.7
5/22/2021 22:00,,203.6,194.8
5/22/2021 22:00,,203.6,194.8
5/22/2021 22:01,,203.7,195
5/22/2021 22:01,,203.7,195
5/22/2021 22:01,,203.8,195.2
5/22/2021 22:01,,203.8,195.2
5/22/2021 22:02,,204,195.4
5/22/2021 22:02,,204,195.4
5/22/2021 22:02,,204.1,195.5
5/22/2021 22:02,,204.1,195.5
5/22/2021 22:03,,204.3,195.8
5/22/2021 22:03,,204.3,195.8
5/22/2021 22:03,,204.3,195.9
5/22/2021 22:03,,204.3,195.9
5/22/2021 22:04,,204.4,196.1
5/22/2021 22:04,,204.4,196.1
5/22/2021 22:04,,204.5,196.2
5/22/2021 22:04,,204.5,196.2
5/22/2021 22:05,,204.7,196.4
5/22/2021 22:05,,204.7,196.4
5/22/2021 22:05,,204.8,196.5
5/22/2021 22:05,,204.8,196.5
5/22/2021 22:06,,205,196.8
5/22/2021 22:06,,205,196.8
5/22/2021 22:06,,205.1,196.9
5/22/2021 22:06,,205.1,196.9
5/22/2021 22:07,,205.2,197.1
5/22/2021 22:07,,205.2,197.1
5/22/2021 22:07,,205.3,197.2
5/22/2021 22:07,,205.3,197.2
5/22/2021 22:08,,205.5,197.4
5/22/2021 22:08,,205.5,197.4
5/22/2021 22:08,,205.5,197.5
5/22/2021 22:08,,205.5,197.5
5/22/2021 22:09,,205.7,197.8
5/22/2021 22:09,,205.7,197.8
5/22/2021 22:09,,205.8,197.9
5/22/2021 22:09,,205.8,197.9
5/22/2021 22:10,,206,198.1
5/22/2021 22:10,,206,198.1
5/22/2021 22:10,,206,198.2
5/22/2021 22:10,,206,198.2
5/22/2021 22:11,,206.1,198.4
5/22/2021 22:11,,206.1,198.4
5/22/2021 22:11,,206.2,198.5
5/22/2021 22:11,,206.2,198.5
5/22/2021 22:12,,206.3,198.7
5/22/2021 22:12,,206.3,198.7
5/22/2021 22:12,,206.4,198.8
5/22/2021 22:12,,206.4,198.8
5/22/2021 22:13,,206.6,199
5/22/2021 22:13,,206.6,199
5/22/2021 22:13,,206.7,199.2
5/22/2021 22:13,,206.7,199.2
5/22/2021 22:14,,206.8,199.4
5/22/2021 22:14,,206.8,199.4
5/22/2021 22:14,,206.8,199.5
5/22/2021 22:14,,206.8,199.5
5/22/2021 22:15,,,199.6
5/22/2021 22:15,,,199.6
5/22/2021 22:15,,,199.7
5/22/2021 22:15,,,199.7
5/22/2021 22:16,,,199.9
5/22/2021 22:16,,,199.9
5/22/2021 22:16,,,200
5/22/2021 22:16,,,200
5/22/2021 22:17,,,200.3
5/22/2021 22:17,,,200.3
5/22/2021 22:17,,,200.4
5/22/2021 22:17,,,200.4
5/22/2021 22:18,,,200.6
5/22/2021 22:18,,,200.6
5/22/2021 22:18,,,200.7
5/22/2021 22:18,,,200.7
5/22/2021 22:19,,,200.8
5/22/2021 22:19,,,200.8
5/22/2021 22:19,,,200.9
5/22/2021 22:19,,,200.9
5/22/2021 22:20,,,201.1
5/22/2021 22:20,,,201.1
5/22/2021 22:20,,,201.2
5/22/2021 22:20,,,201.2
5/22/2021 22:21,,,201.4
5/22/2021 22:21,,,201.4
5/22/2021 22:21,,,201.5
5/22/2021 22:21,,,201.6
5/22/2021 22:21,,,201.6
5/22/2021 22:22,,,201.6
5/22/2021 22:22,,,201.6
5/22/2021 22:22,,,201.8
5/22/2021 22:22,,,201.8
5/22/2021 22:22,,,201.9
5/22/2021 22:22,,,201.9
5/22/2021 22:22,,,201.9
5/22/2021 22:23,,,201.9
5/22/2021 22:23,,,202
5/22/2021 22:23,,,202
5/22/2021 22:23,,,202.2
5/22/2021 22:23,,,202.2
5/22/2021 22:23,,,202.2
5/22/2021 22:24,,,202.2
5/22/2021 22:24,,,202.4
5/22/2021 22:24,,,202.4
5/22/2021 22:24,,,202.5
5/22/2021 22:24,,,202.5
5/22/2021 22:24,,,202.5
5/22/2021 22:25,,,202.5
5/22/2021 22:25,,,202.7
5/22/2021 22:25,,,202.7
5/22/2021 22:25,,,202.8
5/22/2021 22:25,,,202.8
5/22/2021 22:25,,,202.8
5/22/2021 22:26,,,202.8
5/22/2021 22:26,,,203
5/22/2021 22:26,,,203
5/22/2021 22:26,,,203.1
5/22/2021 22:26,,,203.1
5/22/2021 22:26,,,203.1
5/22/2021 22:27,,,203.1
